Created by PLY version 3.11 (http://www.dabeaz.com/ply)

Unused terminals:

    ADD

Grammar

Rule 0     S' -> expression
Rule 1     expression -> NUMBER
Rule 2     expression -> LPAREN expression RPAREN
Rule 3     expression -> expression PLUS expression
Rule 4     expression -> expression MINUS expression
Rule 5     expression -> expression DIVIDE expression
Rule 6     expression -> expression FLOORDIVIDE expression
Rule 7     expression -> expression MULTIPLY expression
Rule 8     expression -> expression AT expression
Rule 9     expression -> expression MODULO expression
Rule 10    expression -> expression POWER expression
Rule 11    expression -> SQUAREROOT LPAREN expression RPAREN
Rule 12    expression -> SINE LPAREN expression RPAREN
Rule 13    expression -> COSINE LPAREN expression RPAREN
Rule 14    expression -> TANGENT LPAREN expression RPAREN
Rule 15    expression -> PI
Rule 16    expression -> PRINT LPAREN expression RPAREN
Rule 17    expression -> STRING
Rule 18    expression -> NAME EQ expression
Rule 19    expression -> NAME
Rule 20    expression -> LBRACKET optional_arguments RBRACKET
Rule 21    expression -> LBRACE RBRACE
Rule 22    expression -> LBRACE dictionary_items RBRACE
Rule 23    expression -> LBRACE dictionary_items COMMA RBRACE
Rule 24    dictionary_item -> expression COLON expression
Rule 25    dictionary_items -> dictionary_item
Rule 26    dictionary_items -> dictionary_items COMMA dictionary_item
Rule 27    expression -> expression LBRACKET expression RBRACKET
Rule 28    expression -> expression LBRACKET optional_expression COLON optional_expression RBRACKET
Rule 29    optional_expression -> <empty>
Rule 30    optional_expression -> expression
Rule 31    optional_arguments -> <empty>
Rule 32    optional_arguments -> arguments
Rule 33    arguments -> expression
Rule 34    arguments -> arguments COMMA expression
Rule 35    expression -> NAME LPAREN optional_arguments RPAREN
Rule 36    expression -> RANGE LPAREN optional_arguments RPAREN
Rule 37    expression -> expression DOT NAME LPAREN optional_arguments RPAREN
Rule 38    expression -> expression DOT NAME
Rule 39    expression -> expression AND expression
Rule 40    expression -> expression OR expression
Rule 41    expression -> NOT expression
Rule 42    expression -> expression IN expression
Rule 43    expression -> expression NOT IN expression
Rule 44    expression -> expression EQUALTO expression
Rule 45    expression -> expression NOTEQUALTO expression
Rule 46    expression -> expression GREATERTHAN expression
Rule 47    expression -> expression LESSTHAN expression
Rule 48    expression -> expression GREATERTHANEQUALTO expression
Rule 49    expression -> expression LESSTHANEQUALTO expression
Rule 50    expression -> TRUE
Rule 51    expression -> FALSE
Rule 52    expression -> NULL
Rule 53    expression -> COND LPAREN expression RPAREN

Terminals, with rules where they appear

ADD                  : 
AND                  : 39
AT                   : 8
COLON                : 24 28
COMMA                : 23 26 34
COND                 : 53
COSINE               : 13
DIVIDE               : 5
DOT                  : 37 38
EQ                   : 18
EQUALTO              : 44
FALSE                : 51
FLOORDIVIDE          : 6
GREATERTHAN          : 46
GREATERTHANEQUALTO   : 48
IN                   : 42 43
LBRACE               : 21 22 23
LBRACKET             : 20 27 28
LESSTHAN             : 47
LESSTHANEQUALTO      : 49
LPAREN               : 2 11 12 13 14 16 35 36 37 53
MINUS                : 4
MODULO               : 9
MULTIPLY             : 7
NAME                 : 18 19 35 37 38
NOT                  : 41 43
NOTEQUALTO           : 45
NULL                 : 52
NUMBER               : 1
OR                   : 40
PI                   : 15
PLUS                 : 3
POWER                : 10
PRINT                : 16
RANGE                : 36
RBRACE               : 21 22 23
RBRACKET             : 20 27 28
RPAREN               : 2 11 12 13 14 16 35 36 37 53
SINE                 : 12
SQUAREROOT           : 11
STRING               : 17
TANGENT              : 14
TRUE                 : 50
error                : 

Nonterminals, with rules where they appear

arguments            : 32 34
dictionary_item      : 25 26
dictionary_items     : 22 23 26
expression           : 2 3 3 4 4 5 5 6 6 7 7 8 8 9 9 10 10 11 12 13 14 16 18 24 24 27 27 28 30 33 34 37 38 39 39 40 40 41 42 42 43 43 44 44 45 45 46 46 47 47 48 48 49 49 53 0
optional_arguments   : 20 35 36 37
optional_expression  : 28 28

Parsing method: LALR

state 0

    (0) S' -> . expression
    (1) expression -> . NUMBER
    (2) expression -> . LPAREN expression RPAREN
    (3) expression -> . expression PLUS expression
    (4) expression -> . expression MINUS expression
    (5) expression -> . expression DIVIDE expression
    (6) expression -> . expression FLOORDIVIDE expression
    (7) expression -> . expression MULTIPLY expression
    (8) expression -> . expression AT expression
    (9) expression -> . expression MODULO expression
    (10) expression -> . expression POWER expression
    (11) expression -> . SQUAREROOT LPAREN expression RPAREN
    (12) expression -> . SINE LPAREN expression RPAREN
    (13) expression -> . COSINE LPAREN expression RPAREN
    (14) expression -> . TANGENT LPAREN expression RPAREN
    (15) expression -> . PI
    (16) expression -> . PRINT LPAREN expression RPAREN
    (17) expression -> . STRING
    (18) expression -> . NAME EQ expression
    (19) expression -> . NAME
    (20) expression -> . LBRACKET optional_arguments RBRACKET
    (21) expression -> . LBRACE RBRACE
    (22) expression -> . LBRACE dictionary_items RBRACE
    (23) expression -> . LBRACE dictionary_items COMMA RBRACE
    (27) expression -> . expression LBRACKET expression RBRACKET
    (28) expression -> . expression LBRACKET optional_expression COLON optional_expression RBRACKET
    (35) expression -> . NAME LPAREN optional_arguments RPAREN
    (36) expression -> . RANGE LPAREN optional_arguments RPAREN
    (37) expression -> . expression DOT NAME LPAREN optional_arguments RPAREN
    (38) expression -> . expression DOT NAME
    (39) expression -> . expression AND expression
    (40) expression -> . expression OR expression
    (41) expression -> . NOT expression
    (42) expression -> . expression IN expression
    (43) expression -> . expression NOT IN expression
    (44) expression -> . expression EQUALTO expression
    (45) expression -> . expression NOTEQUALTO expression
    (46) expression -> . expression GREATERTHAN expression
    (47) expression -> . expression LESSTHAN expression
    (48) expression -> . expression GREATERTHANEQUALTO expression
    (49) expression -> . expression LESSTHANEQUALTO expression
    (50) expression -> . TRUE
    (51) expression -> . FALSE
    (52) expression -> . NULL
    (53) expression -> . COND LPAREN expression RPAREN

    NUMBER          shift and go to state 2
    LPAREN          shift and go to state 3
    SQUAREROOT      shift and go to state 4
    SINE            shift and go to state 5
    COSINE          shift and go to state 6
    TANGENT         shift and go to state 7
    PI              shift and go to state 8
    PRINT           shift and go to state 9
    STRING          shift and go to state 10
    NAME            shift and go to state 11
    LBRACKET        shift and go to state 12
    LBRACE          shift and go to state 13
    RANGE           shift and go to state 14
    NOT             shift and go to state 15
    TRUE            shift and go to state 16
    FALSE           shift and go to state 17
    NULL            shift and go to state 18
    COND            shift and go to state 19

    expression                     shift and go to state 1

state 1

    (0) S' -> expression .
    (3) expression -> expression . PLUS expression
    (4) expression -> expression . MINUS expression
    (5) expression -> expression . DIVIDE expression
    (6) expression -> expression . FLOORDIVIDE expression
    (7) expression -> expression . MULTIPLY expression
    (8) expression -> expression . AT expression
    (9) expression -> expression . MODULO expression
    (10) expression -> expression . POWER expression
    (27) expression -> expression . LBRACKET expression RBRACKET
    (28) expression -> expression . LBRACKET optional_expression COLON optional_expression RBRACKET
    (37) expression -> expression . DOT NAME LPAREN optional_arguments RPAREN
    (38) expression -> expression . DOT NAME
    (39) expression -> expression . AND expression
    (40) expression -> expression . OR expression
    (42) expression -> expression . IN expression
    (43) expression -> expression . NOT IN expression
    (44) expression -> expression . EQUALTO expression
    (45) expression -> expression . NOTEQUALTO expression
    (46) expression -> expression . GREATERTHAN expression
    (47) expression -> expression . LESSTHAN expression
    (48) expression -> expression . GREATERTHANEQUALTO expression
    (49) expression -> expression . LESSTHANEQUALTO expression

    PLUS            shift and go to state 20
    MINUS           shift and go to state 21
    DIVIDE          shift and go to state 22
    FLOORDIVIDE     shift and go to state 23
    MULTIPLY        shift and go to state 24
    AT              shift and go to state 25
    MODULO          shift and go to state 26
    POWER           shift and go to state 27
    LBRACKET        shift and go to state 28
    DOT             shift and go to state 29
    AND             shift and go to state 30
    OR              shift and go to state 31
    IN              shift and go to state 32
    NOT             shift and go to state 33
    EQUALTO         shift and go to state 34
    NOTEQUALTO      shift and go to state 35
    GREATERTHAN     shift and go to state 36
    LESSTHAN        shift and go to state 37
    GREATERTHANEQUALTO shift and go to state 38
    LESSTHANEQUALTO shift and go to state 39


state 2

    (1) expression -> NUMBER .

    PLUS            reduce using rule 1 (expression -> NUMBER .)
    MINUS           reduce using rule 1 (expression -> NUMBER .)
    DIVIDE          reduce using rule 1 (expression -> NUMBER .)
    FLOORDIVIDE     reduce using rule 1 (expression -> NUMBER .)
    MULTIPLY        reduce using rule 1 (expression -> NUMBER .)
    AT              reduce using rule 1 (expression -> NUMBER .)
    MODULO          reduce using rule 1 (expression -> NUMBER .)
    POWER           reduce using rule 1 (expression -> NUMBER .)
    LBRACKET        reduce using rule 1 (expression -> NUMBER .)
    DOT             reduce using rule 1 (expression -> NUMBER .)
    AND             reduce using rule 1 (expression -> NUMBER .)
    OR              reduce using rule 1 (expression -> NUMBER .)
    IN              reduce using rule 1 (expression -> NUMBER .)
    NOT             reduce using rule 1 (expression -> NUMBER .)
    EQUALTO         reduce using rule 1 (expression -> NUMBER .)
    NOTEQUALTO      reduce using rule 1 (expression -> NUMBER .)
    GREATERTHAN     reduce using rule 1 (expression -> NUMBER .)
    LESSTHAN        reduce using rule 1 (expression -> NUMBER .)
    GREATERTHANEQUALTO reduce using rule 1 (expression -> NUMBER .)
    LESSTHANEQUALTO reduce using rule 1 (expression -> NUMBER .)
    $end            reduce using rule 1 (expression -> NUMBER .)
    RPAREN          reduce using rule 1 (expression -> NUMBER .)
    COMMA           reduce using rule 1 (expression -> NUMBER .)
    RBRACKET        reduce using rule 1 (expression -> NUMBER .)
    COLON           reduce using rule 1 (expression -> NUMBER .)
    RBRACE          reduce using rule 1 (expression -> NUMBER .)


state 3

    (2) expression -> LPAREN . expression RPAREN
    (1) expression -> . NUMBER
    (2) expression -> . LPAREN expression RPAREN
    (3) expression -> . expression PLUS expression
    (4) expression -> . expression MINUS expression
    (5) expression -> . expression DIVIDE expression
    (6) expression -> . expression FLOORDIVIDE expression
    (7) expression -> . expression MULTIPLY expression
    (8) expression -> . expression AT expression
    (9) expression -> . expression MODULO expression
    (10) expression -> . expression POWER expression
    (11) expression -> . SQUAREROOT LPAREN expression RPAREN
    (12) expression -> . SINE LPAREN expression RPAREN
    (13) expression -> . COSINE LPAREN expression RPAREN
    (14) expression -> . TANGENT LPAREN expression RPAREN
    (15) expression -> . PI
    (16) expression -> . PRINT LPAREN expression RPAREN
    (17) expression -> . STRING
    (18) expression -> . NAME EQ expression
    (19) expression -> . NAME
    (20) expression -> . LBRACKET optional_arguments RBRACKET
    (21) expression -> . LBRACE RBRACE
    (22) expression -> . LBRACE dictionary_items RBRACE
    (23) expression -> . LBRACE dictionary_items COMMA RBRACE
    (27) expression -> . expression LBRACKET expression RBRACKET
    (28) expression -> . expression LBRACKET optional_expression COLON optional_expression RBRACKET
    (35) expression -> . NAME LPAREN optional_arguments RPAREN
    (36) expression -> . RANGE LPAREN optional_arguments RPAREN
    (37) expression -> . expression DOT NAME LPAREN optional_arguments RPAREN
    (38) expression -> . expression DOT NAME
    (39) expression -> . expression AND expression
    (40) expression -> . expression OR expression
    (41) expression -> . NOT expression
    (42) expression -> . expression IN expression
    (43) expression -> . expression NOT IN expression
    (44) expression -> . expression EQUALTO expression
    (45) expression -> . expression NOTEQUALTO expression
    (46) expression -> . expression GREATERTHAN expression
    (47) expression -> . expression LESSTHAN expression
    (48) expression -> . expression GREATERTHANEQUALTO expression
    (49) expression -> . expression LESSTHANEQUALTO expression
    (50) expression -> . TRUE
    (51) expression -> . FALSE
    (52) expression -> . NULL
    (53) expression -> . COND LPAREN expression RPAREN

    NUMBER          shift and go to state 2
    LPAREN          shift and go to state 3
    SQUAREROOT      shift and go to state 4
    SINE            shift and go to state 5
    COSINE          shift and go to state 6
    TANGENT         shift and go to state 7
    PI              shift and go to state 8
    PRINT           shift and go to state 9
    STRING          shift and go to state 10
    NAME            shift and go to state 11
    LBRACKET        shift and go to state 12
    LBRACE          shift and go to state 13
    RANGE           shift and go to state 14
    NOT             shift and go to state 15
    TRUE            shift and go to state 16
    FALSE           shift and go to state 17
    NULL            shift and go to state 18
    COND            shift and go to state 19

    expression                     shift and go to state 40

state 4

    (11) expression -> SQUAREROOT . LPAREN expression RPAREN

    LPAREN          shift and go to state 41


state 5

    (12) expression -> SINE . LPAREN expression RPAREN

    LPAREN          shift and go to state 42


state 6

    (13) expression -> COSINE . LPAREN expression RPAREN

    LPAREN          shift and go to state 43


state 7

    (14) expression -> TANGENT . LPAREN expression RPAREN

    LPAREN          shift and go to state 44


state 8

    (15) expression -> PI .

    PLUS            reduce using rule 15 (expression -> PI .)
    MINUS           reduce using rule 15 (expression -> PI .)
    DIVIDE          reduce using rule 15 (expression -> PI .)
    FLOORDIVIDE     reduce using rule 15 (expression -> PI .)
    MULTIPLY        reduce using rule 15 (expression -> PI .)
    AT              reduce using rule 15 (expression -> PI .)
    MODULO          reduce using rule 15 (expression -> PI .)
    POWER           reduce using rule 15 (expression -> PI .)
    LBRACKET        reduce using rule 15 (expression -> PI .)
    DOT             reduce using rule 15 (expression -> PI .)
    AND             reduce using rule 15 (expression -> PI .)
    OR              reduce using rule 15 (expression -> PI .)
    IN              reduce using rule 15 (expression -> PI .)
    NOT             reduce using rule 15 (expression -> PI .)
    EQUALTO         reduce using rule 15 (expression -> PI .)
    NOTEQUALTO      reduce using rule 15 (expression -> PI .)
    GREATERTHAN     reduce using rule 15 (expression -> PI .)
    LESSTHAN        reduce using rule 15 (expression -> PI .)
    GREATERTHANEQUALTO reduce using rule 15 (expression -> PI .)
    LESSTHANEQUALTO reduce using rule 15 (expression -> PI .)
    $end            reduce using rule 15 (expression -> PI .)
    RPAREN          reduce using rule 15 (expression -> PI .)
    COMMA           reduce using rule 15 (expression -> PI .)
    RBRACKET        reduce using rule 15 (expression -> PI .)
    COLON           reduce using rule 15 (expression -> PI .)
    RBRACE          reduce using rule 15 (expression -> PI .)


state 9

    (16) expression -> PRINT . LPAREN expression RPAREN

    LPAREN          shift and go to state 45


state 10

    (17) expression -> STRING .

    PLUS            reduce using rule 17 (expression -> STRING .)
    MINUS           reduce using rule 17 (expression -> STRING .)
    DIVIDE          reduce using rule 17 (expression -> STRING .)
    FLOORDIVIDE     reduce using rule 17 (expression -> STRING .)
    MULTIPLY        reduce using rule 17 (expression -> STRING .)
    AT              reduce using rule 17 (expression -> STRING .)
    MODULO          reduce using rule 17 (expression -> STRING .)
    POWER           reduce using rule 17 (expression -> STRING .)
    LBRACKET        reduce using rule 17 (expression -> STRING .)
    DOT             reduce using rule 17 (expression -> STRING .)
    AND             reduce using rule 17 (expression -> STRING .)
    OR              reduce using rule 17 (expression -> STRING .)
    IN              reduce using rule 17 (expression -> STRING .)
    NOT             reduce using rule 17 (expression -> STRING .)
    EQUALTO         reduce using rule 17 (expression -> STRING .)
    NOTEQUALTO      reduce using rule 17 (expression -> STRING .)
    GREATERTHAN     reduce using rule 17 (expression -> STRING .)
    LESSTHAN        reduce using rule 17 (expression -> STRING .)
    GREATERTHANEQUALTO reduce using rule 17 (expression -> STRING .)
    LESSTHANEQUALTO reduce using rule 17 (expression -> STRING .)
    $end            reduce using rule 17 (expression -> STRING .)
    RPAREN          reduce using rule 17 (expression -> STRING .)
    COMMA           reduce using rule 17 (expression -> STRING .)
    RBRACKET        reduce using rule 17 (expression -> STRING .)
    COLON           reduce using rule 17 (expression -> STRING .)
    RBRACE          reduce using rule 17 (expression -> STRING .)


state 11

    (18) expression -> NAME . EQ expression
    (19) expression -> NAME .
    (35) expression -> NAME . LPAREN optional_arguments RPAREN

    EQ              shift and go to state 46
    PLUS            reduce using rule 19 (expression -> NAME .)
    MINUS           reduce using rule 19 (expression -> NAME .)
    DIVIDE          reduce using rule 19 (expression -> NAME .)
    FLOORDIVIDE     reduce using rule 19 (expression -> NAME .)
    MULTIPLY        reduce using rule 19 (expression -> NAME .)
    AT              reduce using rule 19 (expression -> NAME .)
    MODULO          reduce using rule 19 (expression -> NAME .)
    POWER           reduce using rule 19 (expression -> NAME .)
    LBRACKET        reduce using rule 19 (expression -> NAME .)
    DOT             reduce using rule 19 (expression -> NAME .)
    AND             reduce using rule 19 (expression -> NAME .)
    OR              reduce using rule 19 (expression -> NAME .)
    IN              reduce using rule 19 (expression -> NAME .)
    NOT             reduce using rule 19 (expression -> NAME .)
    EQUALTO         reduce using rule 19 (expression -> NAME .)
    NOTEQUALTO      reduce using rule 19 (expression -> NAME .)
    GREATERTHAN     reduce using rule 19 (expression -> NAME .)
    LESSTHAN        reduce using rule 19 (expression -> NAME .)
    GREATERTHANEQUALTO reduce using rule 19 (expression -> NAME .)
    LESSTHANEQUALTO reduce using rule 19 (expression -> NAME .)
    $end            reduce using rule 19 (expression -> NAME .)
    RPAREN          reduce using rule 19 (expression -> NAME .)
    COMMA           reduce using rule 19 (expression -> NAME .)
    RBRACKET        reduce using rule 19 (expression -> NAME .)
    COLON           reduce using rule 19 (expression -> NAME .)
    RBRACE          reduce using rule 19 (expression -> NAME .)
    LPAREN          shift and go to state 47


state 12

    (20) expression -> LBRACKET . optional_arguments RBRACKET
    (31) optional_arguments -> .
    (32) optional_arguments -> . arguments
    (33) arguments -> . expression
    (34) arguments -> . arguments COMMA expression
    (1) expression -> . NUMBER
    (2) expression -> . LPAREN expression RPAREN
    (3) expression -> . expression PLUS expression
    (4) expression -> . expression MINUS expression
    (5) expression -> . expression DIVIDE expression
    (6) expression -> . expression FLOORDIVIDE expression
    (7) expression -> . expression MULTIPLY expression
    (8) expression -> . expression AT expression
    (9) expression -> . expression MODULO expression
    (10) expression -> . expression POWER expression
    (11) expression -> . SQUAREROOT LPAREN expression RPAREN
    (12) expression -> . SINE LPAREN expression RPAREN
    (13) expression -> . COSINE LPAREN expression RPAREN
    (14) expression -> . TANGENT LPAREN expression RPAREN
    (15) expression -> . PI
    (16) expression -> . PRINT LPAREN expression RPAREN
    (17) expression -> . STRING
    (18) expression -> . NAME EQ expression
    (19) expression -> . NAME
    (20) expression -> . LBRACKET optional_arguments RBRACKET
    (21) expression -> . LBRACE RBRACE
    (22) expression -> . LBRACE dictionary_items RBRACE
    (23) expression -> . LBRACE dictionary_items COMMA RBRACE
    (27) expression -> . expression LBRACKET expression RBRACKET
    (28) expression -> . expression LBRACKET optional_expression COLON optional_expression RBRACKET
    (35) expression -> . NAME LPAREN optional_arguments RPAREN
    (36) expression -> . RANGE LPAREN optional_arguments RPAREN
    (37) expression -> . expression DOT NAME LPAREN optional_arguments RPAREN
    (38) expression -> . expression DOT NAME
    (39) expression -> . expression AND expression
    (40) expression -> . expression OR expression
    (41) expression -> . NOT expression
    (42) expression -> . expression IN expression
    (43) expression -> . expression NOT IN expression
    (44) expression -> . expression EQUALTO expression
    (45) expression -> . expression NOTEQUALTO expression
    (46) expression -> . expression GREATERTHAN expression
    (47) expression -> . expression LESSTHAN expression
    (48) expression -> . expression GREATERTHANEQUALTO expression
    (49) expression -> . expression LESSTHANEQUALTO expression
    (50) expression -> . TRUE
    (51) expression -> . FALSE
    (52) expression -> . NULL
    (53) expression -> . COND LPAREN expression RPAREN

    RBRACKET        reduce using rule 31 (optional_arguments -> .)
    NUMBER          shift and go to state 2
    LPAREN          shift and go to state 3
    SQUAREROOT      shift and go to state 4
    SINE            shift and go to state 5
    COSINE          shift and go to state 6
    TANGENT         shift and go to state 7
    PI              shift and go to state 8
    PRINT           shift and go to state 9
    STRING          shift and go to state 10
    NAME            shift and go to state 11
    LBRACKET        shift and go to state 12
    LBRACE          shift and go to state 13
    RANGE           shift and go to state 14
    NOT             shift and go to state 15
    TRUE            shift and go to state 16
    FALSE           shift and go to state 17
    NULL            shift and go to state 18
    COND            shift and go to state 19

    optional_arguments             shift and go to state 48
    arguments                      shift and go to state 49
    expression                     shift and go to state 50

state 13

    (21) expression -> LBRACE . RBRACE
    (22) expression -> LBRACE . dictionary_items RBRACE
    (23) expression -> LBRACE . dictionary_items COMMA RBRACE
    (25) dictionary_items -> . dictionary_item
    (26) dictionary_items -> . dictionary_items COMMA dictionary_item
    (24) dictionary_item -> . expression COLON expression
    (1) expression -> . NUMBER
    (2) expression -> . LPAREN expression RPAREN
    (3) expression -> . expression PLUS expression
    (4) expression -> . expression MINUS expression
    (5) expression -> . expression DIVIDE expression
    (6) expression -> . expression FLOORDIVIDE expression
    (7) expression -> . expression MULTIPLY expression
    (8) expression -> . expression AT expression
    (9) expression -> . expression MODULO expression
    (10) expression -> . expression POWER expression
    (11) expression -> . SQUAREROOT LPAREN expression RPAREN
    (12) expression -> . SINE LPAREN expression RPAREN
    (13) expression -> . COSINE LPAREN expression RPAREN
    (14) expression -> . TANGENT LPAREN expression RPAREN
    (15) expression -> . PI
    (16) expression -> . PRINT LPAREN expression RPAREN
    (17) expression -> . STRING
    (18) expression -> . NAME EQ expression
    (19) expression -> . NAME
    (20) expression -> . LBRACKET optional_arguments RBRACKET
    (21) expression -> . LBRACE RBRACE
    (22) expression -> . LBRACE dictionary_items RBRACE
    (23) expression -> . LBRACE dictionary_items COMMA RBRACE
    (27) expression -> . expression LBRACKET expression RBRACKET
    (28) expression -> . expression LBRACKET optional_expression COLON optional_expression RBRACKET
    (35) expression -> . NAME LPAREN optional_arguments RPAREN
    (36) expression -> . RANGE LPAREN optional_arguments RPAREN
    (37) expression -> . expression DOT NAME LPAREN optional_arguments RPAREN
    (38) expression -> . expression DOT NAME
    (39) expression -> . expression AND expression
    (40) expression -> . expression OR expression
    (41) expression -> . NOT expression
    (42) expression -> . expression IN expression
    (43) expression -> . expression NOT IN expression
    (44) expression -> . expression EQUALTO expression
    (45) expression -> . expression NOTEQUALTO expression
    (46) expression -> . expression GREATERTHAN expression
    (47) expression -> . expression LESSTHAN expression
    (48) expression -> . expression GREATERTHANEQUALTO expression
    (49) expression -> . expression LESSTHANEQUALTO expression
    (50) expression -> . TRUE
    (51) expression -> . FALSE
    (52) expression -> . NULL
    (53) expression -> . COND LPAREN expression RPAREN

    RBRACE          shift and go to state 51
    NUMBER          shift and go to state 2
    LPAREN          shift and go to state 3
    SQUAREROOT      shift and go to state 4
    SINE            shift and go to state 5
    COSINE          shift and go to state 6
    TANGENT         shift and go to state 7
    PI              shift and go to state 8
    PRINT           shift and go to state 9
    STRING          shift and go to state 10
    NAME            shift and go to state 11
    LBRACKET        shift and go to state 12
    LBRACE          shift and go to state 13
    RANGE           shift and go to state 14
    NOT             shift and go to state 15
    TRUE            shift and go to state 16
    FALSE           shift and go to state 17
    NULL            shift and go to state 18
    COND            shift and go to state 19

    dictionary_items               shift and go to state 52
    dictionary_item                shift and go to state 53
    expression                     shift and go to state 54

state 14

    (36) expression -> RANGE . LPAREN optional_arguments RPAREN

    LPAREN          shift and go to state 55


state 15

    (41) expression -> NOT . expression
    (1) expression -> . NUMBER
    (2) expression -> . LPAREN expression RPAREN
    (3) expression -> . expression PLUS expression
    (4) expression -> . expression MINUS expression
    (5) expression -> . expression DIVIDE expression
    (6) expression -> . expression FLOORDIVIDE expression
    (7) expression -> . expression MULTIPLY expression
    (8) expression -> . expression AT expression
    (9) expression -> . expression MODULO expression
    (10) expression -> . expression POWER expression
    (11) expression -> . SQUAREROOT LPAREN expression RPAREN
    (12) expression -> . SINE LPAREN expression RPAREN
    (13) expression -> . COSINE LPAREN expression RPAREN
    (14) expression -> . TANGENT LPAREN expression RPAREN
    (15) expression -> . PI
    (16) expression -> . PRINT LPAREN expression RPAREN
    (17) expression -> . STRING
    (18) expression -> . NAME EQ expression
    (19) expression -> . NAME
    (20) expression -> . LBRACKET optional_arguments RBRACKET
    (21) expression -> . LBRACE RBRACE
    (22) expression -> . LBRACE dictionary_items RBRACE
    (23) expression -> . LBRACE dictionary_items COMMA RBRACE
    (27) expression -> . expression LBRACKET expression RBRACKET
    (28) expression -> . expression LBRACKET optional_expression COLON optional_expression RBRACKET
    (35) expression -> . NAME LPAREN optional_arguments RPAREN
    (36) expression -> . RANGE LPAREN optional_arguments RPAREN
    (37) expression -> . expression DOT NAME LPAREN optional_arguments RPAREN
    (38) expression -> . expression DOT NAME
    (39) expression -> . expression AND expression
    (40) expression -> . expression OR expression
    (41) expression -> . NOT expression
    (42) expression -> . expression IN expression
    (43) expression -> . expression NOT IN expression
    (44) expression -> . expression EQUALTO expression
    (45) expression -> . expression NOTEQUALTO expression
    (46) expression -> . expression GREATERTHAN expression
    (47) expression -> . expression LESSTHAN expression
    (48) expression -> . expression GREATERTHANEQUALTO expression
    (49) expression -> . expression LESSTHANEQUALTO expression
    (50) expression -> . TRUE
    (51) expression -> . FALSE
    (52) expression -> . NULL
    (53) expression -> . COND LPAREN expression RPAREN

    NUMBER          shift and go to state 2
    LPAREN          shift and go to state 3
    SQUAREROOT      shift and go to state 4
    SINE            shift and go to state 5
    COSINE          shift and go to state 6
    TANGENT         shift and go to state 7
    PI              shift and go to state 8
    PRINT           shift and go to state 9
    STRING          shift and go to state 10
    NAME            shift and go to state 11
    LBRACKET        shift and go to state 12
    LBRACE          shift and go to state 13
    RANGE           shift and go to state 14
    NOT             shift and go to state 15
    TRUE            shift and go to state 16
    FALSE           shift and go to state 17
    NULL            shift and go to state 18
    COND            shift and go to state 19

    expression                     shift and go to state 56

state 16

    (50) expression -> TRUE .

    PLUS            reduce using rule 50 (expression -> TRUE .)
    MINUS           reduce using rule 50 (expression -> TRUE .)
    DIVIDE          reduce using rule 50 (expression -> TRUE .)
    FLOORDIVIDE     reduce using rule 50 (expression -> TRUE .)
    MULTIPLY        reduce using rule 50 (expression -> TRUE .)
    AT              reduce using rule 50 (expression -> TRUE .)
    MODULO          reduce using rule 50 (expression -> TRUE .)
    POWER           reduce using rule 50 (expression -> TRUE .)
    LBRACKET        reduce using rule 50 (expression -> TRUE .)
    DOT             reduce using rule 50 (expression -> TRUE .)
    AND             reduce using rule 50 (expression -> TRUE .)
    OR              reduce using rule 50 (expression -> TRUE .)
    IN              reduce using rule 50 (expression -> TRUE .)
    NOT             reduce using rule 50 (expression -> TRUE .)
    EQUALTO         reduce using rule 50 (expression -> TRUE .)
    NOTEQUALTO      reduce using rule 50 (expression -> TRUE .)
    GREATERTHAN     reduce using rule 50 (expression -> TRUE .)
    LESSTHAN        reduce using rule 50 (expression -> TRUE .)
    GREATERTHANEQUALTO reduce using rule 50 (expression -> TRUE .)
    LESSTHANEQUALTO reduce using rule 50 (expression -> TRUE .)
    $end            reduce using rule 50 (expression -> TRUE .)
    RPAREN          reduce using rule 50 (expression -> TRUE .)
    COMMA           reduce using rule 50 (expression -> TRUE .)
    RBRACKET        reduce using rule 50 (expression -> TRUE .)
    COLON           reduce using rule 50 (expression -> TRUE .)
    RBRACE          reduce using rule 50 (expression -> TRUE .)


state 17

    (51) expression -> FALSE .

    PLUS            reduce using rule 51 (expression -> FALSE .)
    MINUS           reduce using rule 51 (expression -> FALSE .)
    DIVIDE          reduce using rule 51 (expression -> FALSE .)
    FLOORDIVIDE     reduce using rule 51 (expression -> FALSE .)
    MULTIPLY        reduce using rule 51 (expression -> FALSE .)
    AT              reduce using rule 51 (expression -> FALSE .)
    MODULO          reduce using rule 51 (expression -> FALSE .)
    POWER           reduce using rule 51 (expression -> FALSE .)
    LBRACKET        reduce using rule 51 (expression -> FALSE .)
    DOT             reduce using rule 51 (expression -> FALSE .)
    AND             reduce using rule 51 (expression -> FALSE .)
    OR              reduce using rule 51 (expression -> FALSE .)
    IN              reduce using rule 51 (expression -> FALSE .)
    NOT             reduce using rule 51 (expression -> FALSE .)
    EQUALTO         reduce using rule 51 (expression -> FALSE .)
    NOTEQUALTO      reduce using rule 51 (expression -> FALSE .)
    GREATERTHAN     reduce using rule 51 (expression -> FALSE .)
    LESSTHAN        reduce using rule 51 (expression -> FALSE .)
    GREATERTHANEQUALTO reduce using rule 51 (expression -> FALSE .)
    LESSTHANEQUALTO reduce using rule 51 (expression -> FALSE .)
    $end            reduce using rule 51 (expression -> FALSE .)
    RPAREN          reduce using rule 51 (expression -> FALSE .)
    COMMA           reduce using rule 51 (expression -> FALSE .)
    RBRACKET        reduce using rule 51 (expression -> FALSE .)
    COLON           reduce using rule 51 (expression -> FALSE .)
    RBRACE          reduce using rule 51 (expression -> FALSE .)


state 18

    (52) expression -> NULL .

    PLUS            reduce using rule 52 (expression -> NULL .)
    MINUS           reduce using rule 52 (expression -> NULL .)
    DIVIDE          reduce using rule 52 (expression -> NULL .)
    FLOORDIVIDE     reduce using rule 52 (expression -> NULL .)
    MULTIPLY        reduce using rule 52 (expression -> NULL .)
    AT              reduce using rule 52 (expression -> NULL .)
    MODULO          reduce using rule 52 (expression -> NULL .)
    POWER           reduce using rule 52 (expression -> NULL .)
    LBRACKET        reduce using rule 52 (expression -> NULL .)
    DOT             reduce using rule 52 (expression -> NULL .)
    AND             reduce using rule 52 (expression -> NULL .)
    OR              reduce using rule 52 (expression -> NULL .)
    IN              reduce using rule 52 (expression -> NULL .)
    NOT             reduce using rule 52 (expression -> NULL .)
    EQUALTO         reduce using rule 52 (expression -> NULL .)
    NOTEQUALTO      reduce using rule 52 (expression -> NULL .)
    GREATERTHAN     reduce using rule 52 (expression -> NULL .)
    LESSTHAN        reduce using rule 52 (expression -> NULL .)
    GREATERTHANEQUALTO reduce using rule 52 (expression -> NULL .)
    LESSTHANEQUALTO reduce using rule 52 (expression -> NULL .)
    $end            reduce using rule 52 (expression -> NULL .)
    RPAREN          reduce using rule 52 (expression -> NULL .)
    COMMA           reduce using rule 52 (expression -> NULL .)
    RBRACKET        reduce using rule 52 (expression -> NULL .)
    COLON           reduce using rule 52 (expression -> NULL .)
    RBRACE          reduce using rule 52 (expression -> NULL .)


state 19

    (53) expression -> COND . LPAREN expression RPAREN

    LPAREN          shift and go to state 57


state 20

    (3) expression -> expression PLUS . expression
    (1) expression -> . NUMBER
    (2) expression -> . LPAREN expression RPAREN
    (3) expression -> . expression PLUS expression
    (4) expression -> . expression MINUS expression
    (5) expression -> . expression DIVIDE expression
    (6) expression -> . expression FLOORDIVIDE expression
    (7) expression -> . expression MULTIPLY expression
    (8) expression -> . expression AT expression
    (9) expression -> . expression MODULO expression
    (10) expression -> . expression POWER expression
    (11) expression -> . SQUAREROOT LPAREN expression RPAREN
    (12) expression -> . SINE LPAREN expression RPAREN
    (13) expression -> . COSINE LPAREN expression RPAREN
    (14) expression -> . TANGENT LPAREN expression RPAREN
    (15) expression -> . PI
    (16) expression -> . PRINT LPAREN expression RPAREN
    (17) expression -> . STRING
    (18) expression -> . NAME EQ expression
    (19) expression -> . NAME
    (20) expression -> . LBRACKET optional_arguments RBRACKET
    (21) expression -> . LBRACE RBRACE
    (22) expression -> . LBRACE dictionary_items RBRACE
    (23) expression -> . LBRACE dictionary_items COMMA RBRACE
    (27) expression -> . expression LBRACKET expression RBRACKET
    (28) expression -> . expression LBRACKET optional_expression COLON optional_expression RBRACKET
    (35) expression -> . NAME LPAREN optional_arguments RPAREN
    (36) expression -> . RANGE LPAREN optional_arguments RPAREN
    (37) expression -> . expression DOT NAME LPAREN optional_arguments RPAREN
    (38) expression -> . expression DOT NAME
    (39) expression -> . expression AND expression
    (40) expression -> . expression OR expression
    (41) expression -> . NOT expression
    (42) expression -> . expression IN expression
    (43) expression -> . expression NOT IN expression
    (44) expression -> . expression EQUALTO expression
    (45) expression -> . expression NOTEQUALTO expression
    (46) expression -> . expression GREATERTHAN expression
    (47) expression -> . expression LESSTHAN expression
    (48) expression -> . expression GREATERTHANEQUALTO expression
    (49) expression -> . expression LESSTHANEQUALTO expression
    (50) expression -> . TRUE
    (51) expression -> . FALSE
    (52) expression -> . NULL
    (53) expression -> . COND LPAREN expression RPAREN

    NUMBER          shift and go to state 2
    LPAREN          shift and go to state 3
    SQUAREROOT      shift and go to state 4
    SINE            shift and go to state 5
    COSINE          shift and go to state 6
    TANGENT         shift and go to state 7
    PI              shift and go to state 8
    PRINT           shift and go to state 9
    STRING          shift and go to state 10
    NAME            shift and go to state 11
    LBRACKET        shift and go to state 12
    LBRACE          shift and go to state 13
    RANGE           shift and go to state 14
    NOT             shift and go to state 15
    TRUE            shift and go to state 16
    FALSE           shift and go to state 17
    NULL            shift and go to state 18
    COND            shift and go to state 19

    expression                     shift and go to state 58

state 21

    (4) expression -> expression MINUS . expression
    (1) expression -> . NUMBER
    (2) expression -> . LPAREN expression RPAREN
    (3) expression -> . expression PLUS expression
    (4) expression -> . expression MINUS expression
    (5) expression -> . expression DIVIDE expression
    (6) expression -> . expression FLOORDIVIDE expression
    (7) expression -> . expression MULTIPLY expression
    (8) expression -> . expression AT expression
    (9) expression -> . expression MODULO expression
    (10) expression -> . expression POWER expression
    (11) expression -> . SQUAREROOT LPAREN expression RPAREN
    (12) expression -> . SINE LPAREN expression RPAREN
    (13) expression -> . COSINE LPAREN expression RPAREN
    (14) expression -> . TANGENT LPAREN expression RPAREN
    (15) expression -> . PI
    (16) expression -> . PRINT LPAREN expression RPAREN
    (17) expression -> . STRING
    (18) expression -> . NAME EQ expression
    (19) expression -> . NAME
    (20) expression -> . LBRACKET optional_arguments RBRACKET
    (21) expression -> . LBRACE RBRACE
    (22) expression -> . LBRACE dictionary_items RBRACE
    (23) expression -> . LBRACE dictionary_items COMMA RBRACE
    (27) expression -> . expression LBRACKET expression RBRACKET
    (28) expression -> . expression LBRACKET optional_expression COLON optional_expression RBRACKET
    (35) expression -> . NAME LPAREN optional_arguments RPAREN
    (36) expression -> . RANGE LPAREN optional_arguments RPAREN
    (37) expression -> . expression DOT NAME LPAREN optional_arguments RPAREN
    (38) expression -> . expression DOT NAME
    (39) expression -> . expression AND expression
    (40) expression -> . expression OR expression
    (41) expression -> . NOT expression
    (42) expression -> . expression IN expression
    (43) expression -> . expression NOT IN expression
    (44) expression -> . expression EQUALTO expression
    (45) expression -> . expression NOTEQUALTO expression
    (46) expression -> . expression GREATERTHAN expression
    (47) expression -> . expression LESSTHAN expression
    (48) expression -> . expression GREATERTHANEQUALTO expression
    (49) expression -> . expression LESSTHANEQUALTO expression
    (50) expression -> . TRUE
    (51) expression -> . FALSE
    (52) expression -> . NULL
    (53) expression -> . COND LPAREN expression RPAREN

    NUMBER          shift and go to state 2
    LPAREN          shift and go to state 3
    SQUAREROOT      shift and go to state 4
    SINE            shift and go to state 5
    COSINE          shift and go to state 6
    TANGENT         shift and go to state 7
    PI              shift and go to state 8
    PRINT           shift and go to state 9
    STRING          shift and go to state 10
    NAME            shift and go to state 11
    LBRACKET        shift and go to state 12
    LBRACE          shift and go to state 13
    RANGE           shift and go to state 14
    NOT             shift and go to state 15
    TRUE            shift and go to state 16
    FALSE           shift and go to state 17
    NULL            shift and go to state 18
    COND            shift and go to state 19

    expression                     shift and go to state 59

state 22

    (5) expression -> expression DIVIDE . expression
    (1) expression -> . NUMBER
    (2) expression -> . LPAREN expression RPAREN
    (3) expression -> . expression PLUS expression
    (4) expression -> . expression MINUS expression
    (5) expression -> . expression DIVIDE expression
    (6) expression -> . expression FLOORDIVIDE expression
    (7) expression -> . expression MULTIPLY expression
    (8) expression -> . expression AT expression
    (9) expression -> . expression MODULO expression
    (10) expression -> . expression POWER expression
    (11) expression -> . SQUAREROOT LPAREN expression RPAREN
    (12) expression -> . SINE LPAREN expression RPAREN
    (13) expression -> . COSINE LPAREN expression RPAREN
    (14) expression -> . TANGENT LPAREN expression RPAREN
    (15) expression -> . PI
    (16) expression -> . PRINT LPAREN expression RPAREN
    (17) expression -> . STRING
    (18) expression -> . NAME EQ expression
    (19) expression -> . NAME
    (20) expression -> . LBRACKET optional_arguments RBRACKET
    (21) expression -> . LBRACE RBRACE
    (22) expression -> . LBRACE dictionary_items RBRACE
    (23) expression -> . LBRACE dictionary_items COMMA RBRACE
    (27) expression -> . expression LBRACKET expression RBRACKET
    (28) expression -> . expression LBRACKET optional_expression COLON optional_expression RBRACKET
    (35) expression -> . NAME LPAREN optional_arguments RPAREN
    (36) expression -> . RANGE LPAREN optional_arguments RPAREN
    (37) expression -> . expression DOT NAME LPAREN optional_arguments RPAREN
    (38) expression -> . expression DOT NAME
    (39) expression -> . expression AND expression
    (40) expression -> . expression OR expression
    (41) expression -> . NOT expression
    (42) expression -> . expression IN expression
    (43) expression -> . expression NOT IN expression
    (44) expression -> . expression EQUALTO expression
    (45) expression -> . expression NOTEQUALTO expression
    (46) expression -> . expression GREATERTHAN expression
    (47) expression -> . expression LESSTHAN expression
    (48) expression -> . expression GREATERTHANEQUALTO expression
    (49) expression -> . expression LESSTHANEQUALTO expression
    (50) expression -> . TRUE
    (51) expression -> . FALSE
    (52) expression -> . NULL
    (53) expression -> . COND LPAREN expression RPAREN

    NUMBER          shift and go to state 2
    LPAREN          shift and go to state 3
    SQUAREROOT      shift and go to state 4
    SINE            shift and go to state 5
    COSINE          shift and go to state 6
    TANGENT         shift and go to state 7
    PI              shift and go to state 8
    PRINT           shift and go to state 9
    STRING          shift and go to state 10
    NAME            shift and go to state 11
    LBRACKET        shift and go to state 12
    LBRACE          shift and go to state 13
    RANGE           shift and go to state 14
    NOT             shift and go to state 15
    TRUE            shift and go to state 16
    FALSE           shift and go to state 17
    NULL            shift and go to state 18
    COND            shift and go to state 19

    expression                     shift and go to state 60

state 23

    (6) expression -> expression FLOORDIVIDE . expression
    (1) expression -> . NUMBER
    (2) expression -> . LPAREN expression RPAREN
    (3) expression -> . expression PLUS expression
    (4) expression -> . expression MINUS expression
    (5) expression -> . expression DIVIDE expression
    (6) expression -> . expression FLOORDIVIDE expression
    (7) expression -> . expression MULTIPLY expression
    (8) expression -> . expression AT expression
    (9) expression -> . expression MODULO expression
    (10) expression -> . expression POWER expression
    (11) expression -> . SQUAREROOT LPAREN expression RPAREN
    (12) expression -> . SINE LPAREN expression RPAREN
    (13) expression -> . COSINE LPAREN expression RPAREN
    (14) expression -> . TANGENT LPAREN expression RPAREN
    (15) expression -> . PI
    (16) expression -> . PRINT LPAREN expression RPAREN
    (17) expression -> . STRING
    (18) expression -> . NAME EQ expression
    (19) expression -> . NAME
    (20) expression -> . LBRACKET optional_arguments RBRACKET
    (21) expression -> . LBRACE RBRACE
    (22) expression -> . LBRACE dictionary_items RBRACE
    (23) expression -> . LBRACE dictionary_items COMMA RBRACE
    (27) expression -> . expression LBRACKET expression RBRACKET
    (28) expression -> . expression LBRACKET optional_expression COLON optional_expression RBRACKET
    (35) expression -> . NAME LPAREN optional_arguments RPAREN
    (36) expression -> . RANGE LPAREN optional_arguments RPAREN
    (37) expression -> . expression DOT NAME LPAREN optional_arguments RPAREN
    (38) expression -> . expression DOT NAME
    (39) expression -> . expression AND expression
    (40) expression -> . expression OR expression
    (41) expression -> . NOT expression
    (42) expression -> . expression IN expression
    (43) expression -> . expression NOT IN expression
    (44) expression -> . expression EQUALTO expression
    (45) expression -> . expression NOTEQUALTO expression
    (46) expression -> . expression GREATERTHAN expression
    (47) expression -> . expression LESSTHAN expression
    (48) expression -> . expression GREATERTHANEQUALTO expression
    (49) expression -> . expression LESSTHANEQUALTO expression
    (50) expression -> . TRUE
    (51) expression -> . FALSE
    (52) expression -> . NULL
    (53) expression -> . COND LPAREN expression RPAREN

    NUMBER          shift and go to state 2
    LPAREN          shift and go to state 3
    SQUAREROOT      shift and go to state 4
    SINE            shift and go to state 5
    COSINE          shift and go to state 6
    TANGENT         shift and go to state 7
    PI              shift and go to state 8
    PRINT           shift and go to state 9
    STRING          shift and go to state 10
    NAME            shift and go to state 11
    LBRACKET        shift and go to state 12
    LBRACE          shift and go to state 13
    RANGE           shift and go to state 14
    NOT             shift and go to state 15
    TRUE            shift and go to state 16
    FALSE           shift and go to state 17
    NULL            shift and go to state 18
    COND            shift and go to state 19

    expression                     shift and go to state 61

state 24

    (7) expression -> expression MULTIPLY . expression
    (1) expression -> . NUMBER
    (2) expression -> . LPAREN expression RPAREN
    (3) expression -> . expression PLUS expression
    (4) expression -> . expression MINUS expression
    (5) expression -> . expression DIVIDE expression
    (6) expression -> . expression FLOORDIVIDE expression
    (7) expression -> . expression MULTIPLY expression
    (8) expression -> . expression AT expression
    (9) expression -> . expression MODULO expression
    (10) expression -> . expression POWER expression
    (11) expression -> . SQUAREROOT LPAREN expression RPAREN
    (12) expression -> . SINE LPAREN expression RPAREN
    (13) expression -> . COSINE LPAREN expression RPAREN
    (14) expression -> . TANGENT LPAREN expression RPAREN
    (15) expression -> . PI
    (16) expression -> . PRINT LPAREN expression RPAREN
    (17) expression -> . STRING
    (18) expression -> . NAME EQ expression
    (19) expression -> . NAME
    (20) expression -> . LBRACKET optional_arguments RBRACKET
    (21) expression -> . LBRACE RBRACE
    (22) expression -> . LBRACE dictionary_items RBRACE
    (23) expression -> . LBRACE dictionary_items COMMA RBRACE
    (27) expression -> . expression LBRACKET expression RBRACKET
    (28) expression -> . expression LBRACKET optional_expression COLON optional_expression RBRACKET
    (35) expression -> . NAME LPAREN optional_arguments RPAREN
    (36) expression -> . RANGE LPAREN optional_arguments RPAREN
    (37) expression -> . expression DOT NAME LPAREN optional_arguments RPAREN
    (38) expression -> . expression DOT NAME
    (39) expression -> . expression AND expression
    (40) expression -> . expression OR expression
    (41) expression -> . NOT expression
    (42) expression -> . expression IN expression
    (43) expression -> . expression NOT IN expression
    (44) expression -> . expression EQUALTO expression
    (45) expression -> . expression NOTEQUALTO expression
    (46) expression -> . expression GREATERTHAN expression
    (47) expression -> . expression LESSTHAN expression
    (48) expression -> . expression GREATERTHANEQUALTO expression
    (49) expression -> . expression LESSTHANEQUALTO expression
    (50) expression -> . TRUE
    (51) expression -> . FALSE
    (52) expression -> . NULL
    (53) expression -> . COND LPAREN expression RPAREN

    NUMBER          shift and go to state 2
    LPAREN          shift and go to state 3
    SQUAREROOT      shift and go to state 4
    SINE            shift and go to state 5
    COSINE          shift and go to state 6
    TANGENT         shift and go to state 7
    PI              shift and go to state 8
    PRINT           shift and go to state 9
    STRING          shift and go to state 10
    NAME            shift and go to state 11
    LBRACKET        shift and go to state 12
    LBRACE          shift and go to state 13
    RANGE           shift and go to state 14
    NOT             shift and go to state 15
    TRUE            shift and go to state 16
    FALSE           shift and go to state 17
    NULL            shift and go to state 18
    COND            shift and go to state 19

    expression                     shift and go to state 62

state 25

    (8) expression -> expression AT . expression
    (1) expression -> . NUMBER
    (2) expression -> . LPAREN expression RPAREN
    (3) expression -> . expression PLUS expression
    (4) expression -> . expression MINUS expression
    (5) expression -> . expression DIVIDE expression
    (6) expression -> . expression FLOORDIVIDE expression
    (7) expression -> . expression MULTIPLY expression
    (8) expression -> . expression AT expression
    (9) expression -> . expression MODULO expression
    (10) expression -> . expression POWER expression
    (11) expression -> . SQUAREROOT LPAREN expression RPAREN
    (12) expression -> . SINE LPAREN expression RPAREN
    (13) expression -> . COSINE LPAREN expression RPAREN
    (14) expression -> . TANGENT LPAREN expression RPAREN
    (15) expression -> . PI
    (16) expression -> . PRINT LPAREN expression RPAREN
    (17) expression -> . STRING
    (18) expression -> . NAME EQ expression
    (19) expression -> . NAME
    (20) expression -> . LBRACKET optional_arguments RBRACKET
    (21) expression -> . LBRACE RBRACE
    (22) expression -> . LBRACE dictionary_items RBRACE
    (23) expression -> . LBRACE dictionary_items COMMA RBRACE
    (27) expression -> . expression LBRACKET expression RBRACKET
    (28) expression -> . expression LBRACKET optional_expression COLON optional_expression RBRACKET
    (35) expression -> . NAME LPAREN optional_arguments RPAREN
    (36) expression -> . RANGE LPAREN optional_arguments RPAREN
    (37) expression -> . expression DOT NAME LPAREN optional_arguments RPAREN
    (38) expression -> . expression DOT NAME
    (39) expression -> . expression AND expression
    (40) expression -> . expression OR expression
    (41) expression -> . NOT expression
    (42) expression -> . expression IN expression
    (43) expression -> . expression NOT IN expression
    (44) expression -> . expression EQUALTO expression
    (45) expression -> . expression NOTEQUALTO expression
    (46) expression -> . expression GREATERTHAN expression
    (47) expression -> . expression LESSTHAN expression
    (48) expression -> . expression GREATERTHANEQUALTO expression
    (49) expression -> . expression LESSTHANEQUALTO expression
    (50) expression -> . TRUE
    (51) expression -> . FALSE
    (52) expression -> . NULL
    (53) expression -> . COND LPAREN expression RPAREN

    NUMBER          shift and go to state 2
    LPAREN          shift and go to state 3
    SQUAREROOT      shift and go to state 4
    SINE            shift and go to state 5
    COSINE          shift and go to state 6
    TANGENT         shift and go to state 7
    PI              shift and go to state 8
    PRINT           shift and go to state 9
    STRING          shift and go to state 10
    NAME            shift and go to state 11
    LBRACKET        shift and go to state 12
    LBRACE          shift and go to state 13
    RANGE           shift and go to state 14
    NOT             shift and go to state 15
    TRUE            shift and go to state 16
    FALSE           shift and go to state 17
    NULL            shift and go to state 18
    COND            shift and go to state 19

    expression                     shift and go to state 63

state 26

    (9) expression -> expression MODULO . expression
    (1) expression -> . NUMBER
    (2) expression -> . LPAREN expression RPAREN
    (3) expression -> . expression PLUS expression
    (4) expression -> . expression MINUS expression
    (5) expression -> . expression DIVIDE expression
    (6) expression -> . expression FLOORDIVIDE expression
    (7) expression -> . expression MULTIPLY expression
    (8) expression -> . expression AT expression
    (9) expression -> . expression MODULO expression
    (10) expression -> . expression POWER expression
    (11) expression -> . SQUAREROOT LPAREN expression RPAREN
    (12) expression -> . SINE LPAREN expression RPAREN
    (13) expression -> . COSINE LPAREN expression RPAREN
    (14) expression -> . TANGENT LPAREN expression RPAREN
    (15) expression -> . PI
    (16) expression -> . PRINT LPAREN expression RPAREN
    (17) expression -> . STRING
    (18) expression -> . NAME EQ expression
    (19) expression -> . NAME
    (20) expression -> . LBRACKET optional_arguments RBRACKET
    (21) expression -> . LBRACE RBRACE
    (22) expression -> . LBRACE dictionary_items RBRACE
    (23) expression -> . LBRACE dictionary_items COMMA RBRACE
    (27) expression -> . expression LBRACKET expression RBRACKET
    (28) expression -> . expression LBRACKET optional_expression COLON optional_expression RBRACKET
    (35) expression -> . NAME LPAREN optional_arguments RPAREN
    (36) expression -> . RANGE LPAREN optional_arguments RPAREN
    (37) expression -> . expression DOT NAME LPAREN optional_arguments RPAREN
    (38) expression -> . expression DOT NAME
    (39) expression -> . expression AND expression
    (40) expression -> . expression OR expression
    (41) expression -> . NOT expression
    (42) expression -> . expression IN expression
    (43) expression -> . expression NOT IN expression
    (44) expression -> . expression EQUALTO expression
    (45) expression -> . expression NOTEQUALTO expression
    (46) expression -> . expression GREATERTHAN expression
    (47) expression -> . expression LESSTHAN expression
    (48) expression -> . expression GREATERTHANEQUALTO expression
    (49) expression -> . expression LESSTHANEQUALTO expression
    (50) expression -> . TRUE
    (51) expression -> . FALSE
    (52) expression -> . NULL
    (53) expression -> . COND LPAREN expression RPAREN

    NUMBER          shift and go to state 2
    LPAREN          shift and go to state 3
    SQUAREROOT      shift and go to state 4
    SINE            shift and go to state 5
    COSINE          shift and go to state 6
    TANGENT         shift and go to state 7
    PI              shift and go to state 8
    PRINT           shift and go to state 9
    STRING          shift and go to state 10
    NAME            shift and go to state 11
    LBRACKET        shift and go to state 12
    LBRACE          shift and go to state 13
    RANGE           shift and go to state 14
    NOT             shift and go to state 15
    TRUE            shift and go to state 16
    FALSE           shift and go to state 17
    NULL            shift and go to state 18
    COND            shift and go to state 19

    expression                     shift and go to state 64

state 27

    (10) expression -> expression POWER . expression
    (1) expression -> . NUMBER
    (2) expression -> . LPAREN expression RPAREN
    (3) expression -> . expression PLUS expression
    (4) expression -> . expression MINUS expression
    (5) expression -> . expression DIVIDE expression
    (6) expression -> . expression FLOORDIVIDE expression
    (7) expression -> . expression MULTIPLY expression
    (8) expression -> . expression AT expression
    (9) expression -> . expression MODULO expression
    (10) expression -> . expression POWER expression
    (11) expression -> . SQUAREROOT LPAREN expression RPAREN
    (12) expression -> . SINE LPAREN expression RPAREN
    (13) expression -> . COSINE LPAREN expression RPAREN
    (14) expression -> . TANGENT LPAREN expression RPAREN
    (15) expression -> . PI
    (16) expression -> . PRINT LPAREN expression RPAREN
    (17) expression -> . STRING
    (18) expression -> . NAME EQ expression
    (19) expression -> . NAME
    (20) expression -> . LBRACKET optional_arguments RBRACKET
    (21) expression -> . LBRACE RBRACE
    (22) expression -> . LBRACE dictionary_items RBRACE
    (23) expression -> . LBRACE dictionary_items COMMA RBRACE
    (27) expression -> . expression LBRACKET expression RBRACKET
    (28) expression -> . expression LBRACKET optional_expression COLON optional_expression RBRACKET
    (35) expression -> . NAME LPAREN optional_arguments RPAREN
    (36) expression -> . RANGE LPAREN optional_arguments RPAREN
    (37) expression -> . expression DOT NAME LPAREN optional_arguments RPAREN
    (38) expression -> . expression DOT NAME
    (39) expression -> . expression AND expression
    (40) expression -> . expression OR expression
    (41) expression -> . NOT expression
    (42) expression -> . expression IN expression
    (43) expression -> . expression NOT IN expression
    (44) expression -> . expression EQUALTO expression
    (45) expression -> . expression NOTEQUALTO expression
    (46) expression -> . expression GREATERTHAN expression
    (47) expression -> . expression LESSTHAN expression
    (48) expression -> . expression GREATERTHANEQUALTO expression
    (49) expression -> . expression LESSTHANEQUALTO expression
    (50) expression -> . TRUE
    (51) expression -> . FALSE
    (52) expression -> . NULL
    (53) expression -> . COND LPAREN expression RPAREN

    NUMBER          shift and go to state 2
    LPAREN          shift and go to state 3
    SQUAREROOT      shift and go to state 4
    SINE            shift and go to state 5
    COSINE          shift and go to state 6
    TANGENT         shift and go to state 7
    PI              shift and go to state 8
    PRINT           shift and go to state 9
    STRING          shift and go to state 10
    NAME            shift and go to state 11
    LBRACKET        shift and go to state 12
    LBRACE          shift and go to state 13
    RANGE           shift and go to state 14
    NOT             shift and go to state 15
    TRUE            shift and go to state 16
    FALSE           shift and go to state 17
    NULL            shift and go to state 18
    COND            shift and go to state 19

    expression                     shift and go to state 65

state 28

    (27) expression -> expression LBRACKET . expression RBRACKET
    (28) expression -> expression LBRACKET . optional_expression COLON optional_expression RBRACKET
    (1) expression -> . NUMBER
    (2) expression -> . LPAREN expression RPAREN
    (3) expression -> . expression PLUS expression
    (4) expression -> . expression MINUS expression
    (5) expression -> . expression DIVIDE expression
    (6) expression -> . expression FLOORDIVIDE expression
    (7) expression -> . expression MULTIPLY expression
    (8) expression -> . expression AT expression
    (9) expression -> . expression MODULO expression
    (10) expression -> . expression POWER expression
    (11) expression -> . SQUAREROOT LPAREN expression RPAREN
    (12) expression -> . SINE LPAREN expression RPAREN
    (13) expression -> . COSINE LPAREN expression RPAREN
    (14) expression -> . TANGENT LPAREN expression RPAREN
    (15) expression -> . PI
    (16) expression -> . PRINT LPAREN expression RPAREN
    (17) expression -> . STRING
    (18) expression -> . NAME EQ expression
    (19) expression -> . NAME
    (20) expression -> . LBRACKET optional_arguments RBRACKET
    (21) expression -> . LBRACE RBRACE
    (22) expression -> . LBRACE dictionary_items RBRACE
    (23) expression -> . LBRACE dictionary_items COMMA RBRACE
    (27) expression -> . expression LBRACKET expression RBRACKET
    (28) expression -> . expression LBRACKET optional_expression COLON optional_expression RBRACKET
    (35) expression -> . NAME LPAREN optional_arguments RPAREN
    (36) expression -> . RANGE LPAREN optional_arguments RPAREN
    (37) expression -> . expression DOT NAME LPAREN optional_arguments RPAREN
    (38) expression -> . expression DOT NAME
    (39) expression -> . expression AND expression
    (40) expression -> . expression OR expression
    (41) expression -> . NOT expression
    (42) expression -> . expression IN expression
    (43) expression -> . expression NOT IN expression
    (44) expression -> . expression EQUALTO expression
    (45) expression -> . expression NOTEQUALTO expression
    (46) expression -> . expression GREATERTHAN expression
    (47) expression -> . expression LESSTHAN expression
    (48) expression -> . expression GREATERTHANEQUALTO expression
    (49) expression -> . expression LESSTHANEQUALTO expression
    (50) expression -> . TRUE
    (51) expression -> . FALSE
    (52) expression -> . NULL
    (53) expression -> . COND LPAREN expression RPAREN
    (29) optional_expression -> .
    (30) optional_expression -> . expression

    NUMBER          shift and go to state 2
    LPAREN          shift and go to state 3
    SQUAREROOT      shift and go to state 4
    SINE            shift and go to state 5
    COSINE          shift and go to state 6
    TANGENT         shift and go to state 7
    PI              shift and go to state 8
    PRINT           shift and go to state 9
    STRING          shift and go to state 10
    NAME            shift and go to state 11
    LBRACKET        shift and go to state 12
    LBRACE          shift and go to state 13
    RANGE           shift and go to state 14
    NOT             shift and go to state 15
    TRUE            shift and go to state 16
    FALSE           shift and go to state 17
    NULL            shift and go to state 18
    COND            shift and go to state 19
    COLON           reduce using rule 29 (optional_expression -> .)

    expression                     shift and go to state 66
    optional_expression            shift and go to state 67

state 29

    (37) expression -> expression DOT . NAME LPAREN optional_arguments RPAREN
    (38) expression -> expression DOT . NAME

    NAME            shift and go to state 68


state 30

    (39) expression -> expression AND . expression
    (1) expression -> . NUMBER
    (2) expression -> . LPAREN expression RPAREN
    (3) expression -> . expression PLUS expression
    (4) expression -> . expression MINUS expression
    (5) expression -> . expression DIVIDE expression
    (6) expression -> . expression FLOORDIVIDE expression
    (7) expression -> . expression MULTIPLY expression
    (8) expression -> . expression AT expression
    (9) expression -> . expression MODULO expression
    (10) expression -> . expression POWER expression
    (11) expression -> . SQUAREROOT LPAREN expression RPAREN
    (12) expression -> . SINE LPAREN expression RPAREN
    (13) expression -> . COSINE LPAREN expression RPAREN
    (14) expression -> . TANGENT LPAREN expression RPAREN
    (15) expression -> . PI
    (16) expression -> . PRINT LPAREN expression RPAREN
    (17) expression -> . STRING
    (18) expression -> . NAME EQ expression
    (19) expression -> . NAME
    (20) expression -> . LBRACKET optional_arguments RBRACKET
    (21) expression -> . LBRACE RBRACE
    (22) expression -> . LBRACE dictionary_items RBRACE
    (23) expression -> . LBRACE dictionary_items COMMA RBRACE
    (27) expression -> . expression LBRACKET expression RBRACKET
    (28) expression -> . expression LBRACKET optional_expression COLON optional_expression RBRACKET
    (35) expression -> . NAME LPAREN optional_arguments RPAREN
    (36) expression -> . RANGE LPAREN optional_arguments RPAREN
    (37) expression -> . expression DOT NAME LPAREN optional_arguments RPAREN
    (38) expression -> . expression DOT NAME
    (39) expression -> . expression AND expression
    (40) expression -> . expression OR expression
    (41) expression -> . NOT expression
    (42) expression -> . expression IN expression
    (43) expression -> . expression NOT IN expression
    (44) expression -> . expression EQUALTO expression
    (45) expression -> . expression NOTEQUALTO expression
    (46) expression -> . expression GREATERTHAN expression
    (47) expression -> . expression LESSTHAN expression
    (48) expression -> . expression GREATERTHANEQUALTO expression
    (49) expression -> . expression LESSTHANEQUALTO expression
    (50) expression -> . TRUE
    (51) expression -> . FALSE
    (52) expression -> . NULL
    (53) expression -> . COND LPAREN expression RPAREN

    NUMBER          shift and go to state 2
    LPAREN          shift and go to state 3
    SQUAREROOT      shift and go to state 4
    SINE            shift and go to state 5
    COSINE          shift and go to state 6
    TANGENT         shift and go to state 7
    PI              shift and go to state 8
    PRINT           shift and go to state 9
    STRING          shift and go to state 10
    NAME            shift and go to state 11
    LBRACKET        shift and go to state 12
    LBRACE          shift and go to state 13
    RANGE           shift and go to state 14
    NOT             shift and go to state 15
    TRUE            shift and go to state 16
    FALSE           shift and go to state 17
    NULL            shift and go to state 18
    COND            shift and go to state 19

    expression                     shift and go to state 69

state 31

    (40) expression -> expression OR . expression
    (1) expression -> . NUMBER
    (2) expression -> . LPAREN expression RPAREN
    (3) expression -> . expression PLUS expression
    (4) expression -> . expression MINUS expression
    (5) expression -> . expression DIVIDE expression
    (6) expression -> . expression FLOORDIVIDE expression
    (7) expression -> . expression MULTIPLY expression
    (8) expression -> . expression AT expression
    (9) expression -> . expression MODULO expression
    (10) expression -> . expression POWER expression
    (11) expression -> . SQUAREROOT LPAREN expression RPAREN
    (12) expression -> . SINE LPAREN expression RPAREN
    (13) expression -> . COSINE LPAREN expression RPAREN
    (14) expression -> . TANGENT LPAREN expression RPAREN
    (15) expression -> . PI
    (16) expression -> . PRINT LPAREN expression RPAREN
    (17) expression -> . STRING
    (18) expression -> . NAME EQ expression
    (19) expression -> . NAME
    (20) expression -> . LBRACKET optional_arguments RBRACKET
    (21) expression -> . LBRACE RBRACE
    (22) expression -> . LBRACE dictionary_items RBRACE
    (23) expression -> . LBRACE dictionary_items COMMA RBRACE
    (27) expression -> . expression LBRACKET expression RBRACKET
    (28) expression -> . expression LBRACKET optional_expression COLON optional_expression RBRACKET
    (35) expression -> . NAME LPAREN optional_arguments RPAREN
    (36) expression -> . RANGE LPAREN optional_arguments RPAREN
    (37) expression -> . expression DOT NAME LPAREN optional_arguments RPAREN
    (38) expression -> . expression DOT NAME
    (39) expression -> . expression AND expression
    (40) expression -> . expression OR expression
    (41) expression -> . NOT expression
    (42) expression -> . expression IN expression
    (43) expression -> . expression NOT IN expression
    (44) expression -> . expression EQUALTO expression
    (45) expression -> . expression NOTEQUALTO expression
    (46) expression -> . expression GREATERTHAN expression
    (47) expression -> . expression LESSTHAN expression
    (48) expression -> . expression GREATERTHANEQUALTO expression
    (49) expression -> . expression LESSTHANEQUALTO expression
    (50) expression -> . TRUE
    (51) expression -> . FALSE
    (52) expression -> . NULL
    (53) expression -> . COND LPAREN expression RPAREN

    NUMBER          shift and go to state 2
    LPAREN          shift and go to state 3
    SQUAREROOT      shift and go to state 4
    SINE            shift and go to state 5
    COSINE          shift and go to state 6
    TANGENT         shift and go to state 7
    PI              shift and go to state 8
    PRINT           shift and go to state 9
    STRING          shift and go to state 10
    NAME            shift and go to state 11
    LBRACKET        shift and go to state 12
    LBRACE          shift and go to state 13
    RANGE           shift and go to state 14
    NOT             shift and go to state 15
    TRUE            shift and go to state 16
    FALSE           shift and go to state 17
    NULL            shift and go to state 18
    COND            shift and go to state 19

    expression                     shift and go to state 70

state 32

    (42) expression -> expression IN . expression
    (1) expression -> . NUMBER
    (2) expression -> . LPAREN expression RPAREN
    (3) expression -> . expression PLUS expression
    (4) expression -> . expression MINUS expression
    (5) expression -> . expression DIVIDE expression
    (6) expression -> . expression FLOORDIVIDE expression
    (7) expression -> . expression MULTIPLY expression
    (8) expression -> . expression AT expression
    (9) expression -> . expression MODULO expression
    (10) expression -> . expression POWER expression
    (11) expression -> . SQUAREROOT LPAREN expression RPAREN
    (12) expression -> . SINE LPAREN expression RPAREN
    (13) expression -> . COSINE LPAREN expression RPAREN
    (14) expression -> . TANGENT LPAREN expression RPAREN
    (15) expression -> . PI
    (16) expression -> . PRINT LPAREN expression RPAREN
    (17) expression -> . STRING
    (18) expression -> . NAME EQ expression
    (19) expression -> . NAME
    (20) expression -> . LBRACKET optional_arguments RBRACKET
    (21) expression -> . LBRACE RBRACE
    (22) expression -> . LBRACE dictionary_items RBRACE
    (23) expression -> . LBRACE dictionary_items COMMA RBRACE
    (27) expression -> . expression LBRACKET expression RBRACKET
    (28) expression -> . expression LBRACKET optional_expression COLON optional_expression RBRACKET
    (35) expression -> . NAME LPAREN optional_arguments RPAREN
    (36) expression -> . RANGE LPAREN optional_arguments RPAREN
    (37) expression -> . expression DOT NAME LPAREN optional_arguments RPAREN
    (38) expression -> . expression DOT NAME
    (39) expression -> . expression AND expression
    (40) expression -> . expression OR expression
    (41) expression -> . NOT expression
    (42) expression -> . expression IN expression
    (43) expression -> . expression NOT IN expression
    (44) expression -> . expression EQUALTO expression
    (45) expression -> . expression NOTEQUALTO expression
    (46) expression -> . expression GREATERTHAN expression
    (47) expression -> . expression LESSTHAN expression
    (48) expression -> . expression GREATERTHANEQUALTO expression
    (49) expression -> . expression LESSTHANEQUALTO expression
    (50) expression -> . TRUE
    (51) expression -> . FALSE
    (52) expression -> . NULL
    (53) expression -> . COND LPAREN expression RPAREN

    NUMBER          shift and go to state 2
    LPAREN          shift and go to state 3
    SQUAREROOT      shift and go to state 4
    SINE            shift and go to state 5
    COSINE          shift and go to state 6
    TANGENT         shift and go to state 7
    PI              shift and go to state 8
    PRINT           shift and go to state 9
    STRING          shift and go to state 10
    NAME            shift and go to state 11
    LBRACKET        shift and go to state 12
    LBRACE          shift and go to state 13
    RANGE           shift and go to state 14
    NOT             shift and go to state 15
    TRUE            shift and go to state 16
    FALSE           shift and go to state 17
    NULL            shift and go to state 18
    COND            shift and go to state 19

    expression                     shift and go to state 71

state 33

    (43) expression -> expression NOT . IN expression

    IN              shift and go to state 72


state 34

    (44) expression -> expression EQUALTO . expression
    (1) expression -> . NUMBER
    (2) expression -> . LPAREN expression RPAREN
    (3) expression -> . expression PLUS expression
    (4) expression -> . expression MINUS expression
    (5) expression -> . expression DIVIDE expression
    (6) expression -> . expression FLOORDIVIDE expression
    (7) expression -> . expression MULTIPLY expression
    (8) expression -> . expression AT expression
    (9) expression -> . expression MODULO expression
    (10) expression -> . expression POWER expression
    (11) expression -> . SQUAREROOT LPAREN expression RPAREN
    (12) expression -> . SINE LPAREN expression RPAREN
    (13) expression -> . COSINE LPAREN expression RPAREN
    (14) expression -> . TANGENT LPAREN expression RPAREN
    (15) expression -> . PI
    (16) expression -> . PRINT LPAREN expression RPAREN
    (17) expression -> . STRING
    (18) expression -> . NAME EQ expression
    (19) expression -> . NAME
    (20) expression -> . LBRACKET optional_arguments RBRACKET
    (21) expression -> . LBRACE RBRACE
    (22) expression -> . LBRACE dictionary_items RBRACE
    (23) expression -> . LBRACE dictionary_items COMMA RBRACE
    (27) expression -> . expression LBRACKET expression RBRACKET
    (28) expression -> . expression LBRACKET optional_expression COLON optional_expression RBRACKET
    (35) expression -> . NAME LPAREN optional_arguments RPAREN
    (36) expression -> . RANGE LPAREN optional_arguments RPAREN
    (37) expression -> . expression DOT NAME LPAREN optional_arguments RPAREN
    (38) expression -> . expression DOT NAME
    (39) expression -> . expression AND expression
    (40) expression -> . expression OR expression
    (41) expression -> . NOT expression
    (42) expression -> . expression IN expression
    (43) expression -> . expression NOT IN expression
    (44) expression -> . expression EQUALTO expression
    (45) expression -> . expression NOTEQUALTO expression
    (46) expression -> . expression GREATERTHAN expression
    (47) expression -> . expression LESSTHAN expression
    (48) expression -> . expression GREATERTHANEQUALTO expression
    (49) expression -> . expression LESSTHANEQUALTO expression
    (50) expression -> . TRUE
    (51) expression -> . FALSE
    (52) expression -> . NULL
    (53) expression -> . COND LPAREN expression RPAREN

    NUMBER          shift and go to state 2
    LPAREN          shift and go to state 3
    SQUAREROOT      shift and go to state 4
    SINE            shift and go to state 5
    COSINE          shift and go to state 6
    TANGENT         shift and go to state 7
    PI              shift and go to state 8
    PRINT           shift and go to state 9
    STRING          shift and go to state 10
    NAME            shift and go to state 11
    LBRACKET        shift and go to state 12
    LBRACE          shift and go to state 13
    RANGE           shift and go to state 14
    NOT             shift and go to state 15
    TRUE            shift and go to state 16
    FALSE           shift and go to state 17
    NULL            shift and go to state 18
    COND            shift and go to state 19

    expression                     shift and go to state 73

state 35

    (45) expression -> expression NOTEQUALTO . expression
    (1) expression -> . NUMBER
    (2) expression -> . LPAREN expression RPAREN
    (3) expression -> . expression PLUS expression
    (4) expression -> . expression MINUS expression
    (5) expression -> . expression DIVIDE expression
    (6) expression -> . expression FLOORDIVIDE expression
    (7) expression -> . expression MULTIPLY expression
    (8) expression -> . expression AT expression
    (9) expression -> . expression MODULO expression
    (10) expression -> . expression POWER expression
    (11) expression -> . SQUAREROOT LPAREN expression RPAREN
    (12) expression -> . SINE LPAREN expression RPAREN
    (13) expression -> . COSINE LPAREN expression RPAREN
    (14) expression -> . TANGENT LPAREN expression RPAREN
    (15) expression -> . PI
    (16) expression -> . PRINT LPAREN expression RPAREN
    (17) expression -> . STRING
    (18) expression -> . NAME EQ expression
    (19) expression -> . NAME
    (20) expression -> . LBRACKET optional_arguments RBRACKET
    (21) expression -> . LBRACE RBRACE
    (22) expression -> . LBRACE dictionary_items RBRACE
    (23) expression -> . LBRACE dictionary_items COMMA RBRACE
    (27) expression -> . expression LBRACKET expression RBRACKET
    (28) expression -> . expression LBRACKET optional_expression COLON optional_expression RBRACKET
    (35) expression -> . NAME LPAREN optional_arguments RPAREN
    (36) expression -> . RANGE LPAREN optional_arguments RPAREN
    (37) expression -> . expression DOT NAME LPAREN optional_arguments RPAREN
    (38) expression -> . expression DOT NAME
    (39) expression -> . expression AND expression
    (40) expression -> . expression OR expression
    (41) expression -> . NOT expression
    (42) expression -> . expression IN expression
    (43) expression -> . expression NOT IN expression
    (44) expression -> . expression EQUALTO expression
    (45) expression -> . expression NOTEQUALTO expression
    (46) expression -> . expression GREATERTHAN expression
    (47) expression -> . expression LESSTHAN expression
    (48) expression -> . expression GREATERTHANEQUALTO expression
    (49) expression -> . expression LESSTHANEQUALTO expression
    (50) expression -> . TRUE
    (51) expression -> . FALSE
    (52) expression -> . NULL
    (53) expression -> . COND LPAREN expression RPAREN

    NUMBER          shift and go to state 2
    LPAREN          shift and go to state 3
    SQUAREROOT      shift and go to state 4
    SINE            shift and go to state 5
    COSINE          shift and go to state 6
    TANGENT         shift and go to state 7
    PI              shift and go to state 8
    PRINT           shift and go to state 9
    STRING          shift and go to state 10
    NAME            shift and go to state 11
    LBRACKET        shift and go to state 12
    LBRACE          shift and go to state 13
    RANGE           shift and go to state 14
    NOT             shift and go to state 15
    TRUE            shift and go to state 16
    FALSE           shift and go to state 17
    NULL            shift and go to state 18
    COND            shift and go to state 19

    expression                     shift and go to state 74

state 36

    (46) expression -> expression GREATERTHAN . expression
    (1) expression -> . NUMBER
    (2) expression -> . LPAREN expression RPAREN
    (3) expression -> . expression PLUS expression
    (4) expression -> . expression MINUS expression
    (5) expression -> . expression DIVIDE expression
    (6) expression -> . expression FLOORDIVIDE expression
    (7) expression -> . expression MULTIPLY expression
    (8) expression -> . expression AT expression
    (9) expression -> . expression MODULO expression
    (10) expression -> . expression POWER expression
    (11) expression -> . SQUAREROOT LPAREN expression RPAREN
    (12) expression -> . SINE LPAREN expression RPAREN
    (13) expression -> . COSINE LPAREN expression RPAREN
    (14) expression -> . TANGENT LPAREN expression RPAREN
    (15) expression -> . PI
    (16) expression -> . PRINT LPAREN expression RPAREN
    (17) expression -> . STRING
    (18) expression -> . NAME EQ expression
    (19) expression -> . NAME
    (20) expression -> . LBRACKET optional_arguments RBRACKET
    (21) expression -> . LBRACE RBRACE
    (22) expression -> . LBRACE dictionary_items RBRACE
    (23) expression -> . LBRACE dictionary_items COMMA RBRACE
    (27) expression -> . expression LBRACKET expression RBRACKET
    (28) expression -> . expression LBRACKET optional_expression COLON optional_expression RBRACKET
    (35) expression -> . NAME LPAREN optional_arguments RPAREN
    (36) expression -> . RANGE LPAREN optional_arguments RPAREN
    (37) expression -> . expression DOT NAME LPAREN optional_arguments RPAREN
    (38) expression -> . expression DOT NAME
    (39) expression -> . expression AND expression
    (40) expression -> . expression OR expression
    (41) expression -> . NOT expression
    (42) expression -> . expression IN expression
    (43) expression -> . expression NOT IN expression
    (44) expression -> . expression EQUALTO expression
    (45) expression -> . expression NOTEQUALTO expression
    (46) expression -> . expression GREATERTHAN expression
    (47) expression -> . expression LESSTHAN expression
    (48) expression -> . expression GREATERTHANEQUALTO expression
    (49) expression -> . expression LESSTHANEQUALTO expression
    (50) expression -> . TRUE
    (51) expression -> . FALSE
    (52) expression -> . NULL
    (53) expression -> . COND LPAREN expression RPAREN

    NUMBER          shift and go to state 2
    LPAREN          shift and go to state 3
    SQUAREROOT      shift and go to state 4
    SINE            shift and go to state 5
    COSINE          shift and go to state 6
    TANGENT         shift and go to state 7
    PI              shift and go to state 8
    PRINT           shift and go to state 9
    STRING          shift and go to state 10
    NAME            shift and go to state 11
    LBRACKET        shift and go to state 12
    LBRACE          shift and go to state 13
    RANGE           shift and go to state 14
    NOT             shift and go to state 15
    TRUE            shift and go to state 16
    FALSE           shift and go to state 17
    NULL            shift and go to state 18
    COND            shift and go to state 19

    expression                     shift and go to state 75

state 37

    (47) expression -> expression LESSTHAN . expression
    (1) expression -> . NUMBER
    (2) expression -> . LPAREN expression RPAREN
    (3) expression -> . expression PLUS expression
    (4) expression -> . expression MINUS expression
    (5) expression -> . expression DIVIDE expression
    (6) expression -> . expression FLOORDIVIDE expression
    (7) expression -> . expression MULTIPLY expression
    (8) expression -> . expression AT expression
    (9) expression -> . expression MODULO expression
    (10) expression -> . expression POWER expression
    (11) expression -> . SQUAREROOT LPAREN expression RPAREN
    (12) expression -> . SINE LPAREN expression RPAREN
    (13) expression -> . COSINE LPAREN expression RPAREN
    (14) expression -> . TANGENT LPAREN expression RPAREN
    (15) expression -> . PI
    (16) expression -> . PRINT LPAREN expression RPAREN
    (17) expression -> . STRING
    (18) expression -> . NAME EQ expression
    (19) expression -> . NAME
    (20) expression -> . LBRACKET optional_arguments RBRACKET
    (21) expression -> . LBRACE RBRACE
    (22) expression -> . LBRACE dictionary_items RBRACE
    (23) expression -> . LBRACE dictionary_items COMMA RBRACE
    (27) expression -> . expression LBRACKET expression RBRACKET
    (28) expression -> . expression LBRACKET optional_expression COLON optional_expression RBRACKET
    (35) expression -> . NAME LPAREN optional_arguments RPAREN
    (36) expression -> . RANGE LPAREN optional_arguments RPAREN
    (37) expression -> . expression DOT NAME LPAREN optional_arguments RPAREN
    (38) expression -> . expression DOT NAME
    (39) expression -> . expression AND expression
    (40) expression -> . expression OR expression
    (41) expression -> . NOT expression
    (42) expression -> . expression IN expression
    (43) expression -> . expression NOT IN expression
    (44) expression -> . expression EQUALTO expression
    (45) expression -> . expression NOTEQUALTO expression
    (46) expression -> . expression GREATERTHAN expression
    (47) expression -> . expression LESSTHAN expression
    (48) expression -> . expression GREATERTHANEQUALTO expression
    (49) expression -> . expression LESSTHANEQUALTO expression
    (50) expression -> . TRUE
    (51) expression -> . FALSE
    (52) expression -> . NULL
    (53) expression -> . COND LPAREN expression RPAREN

    NUMBER          shift and go to state 2
    LPAREN          shift and go to state 3
    SQUAREROOT      shift and go to state 4
    SINE            shift and go to state 5
    COSINE          shift and go to state 6
    TANGENT         shift and go to state 7
    PI              shift and go to state 8
    PRINT           shift and go to state 9
    STRING          shift and go to state 10
    NAME            shift and go to state 11
    LBRACKET        shift and go to state 12
    LBRACE          shift and go to state 13
    RANGE           shift and go to state 14
    NOT             shift and go to state 15
    TRUE            shift and go to state 16
    FALSE           shift and go to state 17
    NULL            shift and go to state 18
    COND            shift and go to state 19

    expression                     shift and go to state 76

state 38

    (48) expression -> expression GREATERTHANEQUALTO . expression
    (1) expression -> . NUMBER
    (2) expression -> . LPAREN expression RPAREN
    (3) expression -> . expression PLUS expression
    (4) expression -> . expression MINUS expression
    (5) expression -> . expression DIVIDE expression
    (6) expression -> . expression FLOORDIVIDE expression
    (7) expression -> . expression MULTIPLY expression
    (8) expression -> . expression AT expression
    (9) expression -> . expression MODULO expression
    (10) expression -> . expression POWER expression
    (11) expression -> . SQUAREROOT LPAREN expression RPAREN
    (12) expression -> . SINE LPAREN expression RPAREN
    (13) expression -> . COSINE LPAREN expression RPAREN
    (14) expression -> . TANGENT LPAREN expression RPAREN
    (15) expression -> . PI
    (16) expression -> . PRINT LPAREN expression RPAREN
    (17) expression -> . STRING
    (18) expression -> . NAME EQ expression
    (19) expression -> . NAME
    (20) expression -> . LBRACKET optional_arguments RBRACKET
    (21) expression -> . LBRACE RBRACE
    (22) expression -> . LBRACE dictionary_items RBRACE
    (23) expression -> . LBRACE dictionary_items COMMA RBRACE
    (27) expression -> . expression LBRACKET expression RBRACKET
    (28) expression -> . expression LBRACKET optional_expression COLON optional_expression RBRACKET
    (35) expression -> . NAME LPAREN optional_arguments RPAREN
    (36) expression -> . RANGE LPAREN optional_arguments RPAREN
    (37) expression -> . expression DOT NAME LPAREN optional_arguments RPAREN
    (38) expression -> . expression DOT NAME
    (39) expression -> . expression AND expression
    (40) expression -> . expression OR expression
    (41) expression -> . NOT expression
    (42) expression -> . expression IN expression
    (43) expression -> . expression NOT IN expression
    (44) expression -> . expression EQUALTO expression
    (45) expression -> . expression NOTEQUALTO expression
    (46) expression -> . expression GREATERTHAN expression
    (47) expression -> . expression LESSTHAN expression
    (48) expression -> . expression GREATERTHANEQUALTO expression
    (49) expression -> . expression LESSTHANEQUALTO expression
    (50) expression -> . TRUE
    (51) expression -> . FALSE
    (52) expression -> . NULL
    (53) expression -> . COND LPAREN expression RPAREN

    NUMBER          shift and go to state 2
    LPAREN          shift and go to state 3
    SQUAREROOT      shift and go to state 4
    SINE            shift and go to state 5
    COSINE          shift and go to state 6
    TANGENT         shift and go to state 7
    PI              shift and go to state 8
    PRINT           shift and go to state 9
    STRING          shift and go to state 10
    NAME            shift and go to state 11
    LBRACKET        shift and go to state 12
    LBRACE          shift and go to state 13
    RANGE           shift and go to state 14
    NOT             shift and go to state 15
    TRUE            shift and go to state 16
    FALSE           shift and go to state 17
    NULL            shift and go to state 18
    COND            shift and go to state 19

    expression                     shift and go to state 77

state 39

    (49) expression -> expression LESSTHANEQUALTO . expression
    (1) expression -> . NUMBER
    (2) expression -> . LPAREN expression RPAREN
    (3) expression -> . expression PLUS expression
    (4) expression -> . expression MINUS expression
    (5) expression -> . expression DIVIDE expression
    (6) expression -> . expression FLOORDIVIDE expression
    (7) expression -> . expression MULTIPLY expression
    (8) expression -> . expression AT expression
    (9) expression -> . expression MODULO expression
    (10) expression -> . expression POWER expression
    (11) expression -> . SQUAREROOT LPAREN expression RPAREN
    (12) expression -> . SINE LPAREN expression RPAREN
    (13) expression -> . COSINE LPAREN expression RPAREN
    (14) expression -> . TANGENT LPAREN expression RPAREN
    (15) expression -> . PI
    (16) expression -> . PRINT LPAREN expression RPAREN
    (17) expression -> . STRING
    (18) expression -> . NAME EQ expression
    (19) expression -> . NAME
    (20) expression -> . LBRACKET optional_arguments RBRACKET
    (21) expression -> . LBRACE RBRACE
    (22) expression -> . LBRACE dictionary_items RBRACE
    (23) expression -> . LBRACE dictionary_items COMMA RBRACE
    (27) expression -> . expression LBRACKET expression RBRACKET
    (28) expression -> . expression LBRACKET optional_expression COLON optional_expression RBRACKET
    (35) expression -> . NAME LPAREN optional_arguments RPAREN
    (36) expression -> . RANGE LPAREN optional_arguments RPAREN
    (37) expression -> . expression DOT NAME LPAREN optional_arguments RPAREN
    (38) expression -> . expression DOT NAME
    (39) expression -> . expression AND expression
    (40) expression -> . expression OR expression
    (41) expression -> . NOT expression
    (42) expression -> . expression IN expression
    (43) expression -> . expression NOT IN expression
    (44) expression -> . expression EQUALTO expression
    (45) expression -> . expression NOTEQUALTO expression
    (46) expression -> . expression GREATERTHAN expression
    (47) expression -> . expression LESSTHAN expression
    (48) expression -> . expression GREATERTHANEQUALTO expression
    (49) expression -> . expression LESSTHANEQUALTO expression
    (50) expression -> . TRUE
    (51) expression -> . FALSE
    (52) expression -> . NULL
    (53) expression -> . COND LPAREN expression RPAREN

    NUMBER          shift and go to state 2
    LPAREN          shift and go to state 3
    SQUAREROOT      shift and go to state 4
    SINE            shift and go to state 5
    COSINE          shift and go to state 6
    TANGENT         shift and go to state 7
    PI              shift and go to state 8
    PRINT           shift and go to state 9
    STRING          shift and go to state 10
    NAME            shift and go to state 11
    LBRACKET        shift and go to state 12
    LBRACE          shift and go to state 13
    RANGE           shift and go to state 14
    NOT             shift and go to state 15
    TRUE            shift and go to state 16
    FALSE           shift and go to state 17
    NULL            shift and go to state 18
    COND            shift and go to state 19

    expression                     shift and go to state 78

state 40

    (2) expression -> LPAREN expression . RPAREN
    (3) expression -> expression . PLUS expression
    (4) expression -> expression . MINUS expression
    (5) expression -> expression . DIVIDE expression
    (6) expression -> expression . FLOORDIVIDE expression
    (7) expression -> expression . MULTIPLY expression
    (8) expression -> expression . AT expression
    (9) expression -> expression . MODULO expression
    (10) expression -> expression . POWER expression
    (27) expression -> expression . LBRACKET expression RBRACKET
    (28) expression -> expression . LBRACKET optional_expression COLON optional_expression RBRACKET
    (37) expression -> expression . DOT NAME LPAREN optional_arguments RPAREN
    (38) expression -> expression . DOT NAME
    (39) expression -> expression . AND expression
    (40) expression -> expression . OR expression
    (42) expression -> expression . IN expression
    (43) expression -> expression . NOT IN expression
    (44) expression -> expression . EQUALTO expression
    (45) expression -> expression . NOTEQUALTO expression
    (46) expression -> expression . GREATERTHAN expression
    (47) expression -> expression . LESSTHAN expression
    (48) expression -> expression . GREATERTHANEQUALTO expression
    (49) expression -> expression . LESSTHANEQUALTO expression

    RPAREN          shift and go to state 79
    PLUS            shift and go to state 20
    MINUS           shift and go to state 21
    DIVIDE          shift and go to state 22
    FLOORDIVIDE     shift and go to state 23
    MULTIPLY        shift and go to state 24
    AT              shift and go to state 25
    MODULO          shift and go to state 26
    POWER           shift and go to state 27
    LBRACKET        shift and go to state 28
    DOT             shift and go to state 29
    AND             shift and go to state 30
    OR              shift and go to state 31
    IN              shift and go to state 32
    NOT             shift and go to state 33
    EQUALTO         shift and go to state 34
    NOTEQUALTO      shift and go to state 35
    GREATERTHAN     shift and go to state 36
    LESSTHAN        shift and go to state 37
    GREATERTHANEQUALTO shift and go to state 38
    LESSTHANEQUALTO shift and go to state 39


state 41

    (11) expression -> SQUAREROOT LPAREN . expression RPAREN
    (1) expression -> . NUMBER
    (2) expression -> . LPAREN expression RPAREN
    (3) expression -> . expression PLUS expression
    (4) expression -> . expression MINUS expression
    (5) expression -> . expression DIVIDE expression
    (6) expression -> . expression FLOORDIVIDE expression
    (7) expression -> . expression MULTIPLY expression
    (8) expression -> . expression AT expression
    (9) expression -> . expression MODULO expression
    (10) expression -> . expression POWER expression
    (11) expression -> . SQUAREROOT LPAREN expression RPAREN
    (12) expression -> . SINE LPAREN expression RPAREN
    (13) expression -> . COSINE LPAREN expression RPAREN
    (14) expression -> . TANGENT LPAREN expression RPAREN
    (15) expression -> . PI
    (16) expression -> . PRINT LPAREN expression RPAREN
    (17) expression -> . STRING
    (18) expression -> . NAME EQ expression
    (19) expression -> . NAME
    (20) expression -> . LBRACKET optional_arguments RBRACKET
    (21) expression -> . LBRACE RBRACE
    (22) expression -> . LBRACE dictionary_items RBRACE
    (23) expression -> . LBRACE dictionary_items COMMA RBRACE
    (27) expression -> . expression LBRACKET expression RBRACKET
    (28) expression -> . expression LBRACKET optional_expression COLON optional_expression RBRACKET
    (35) expression -> . NAME LPAREN optional_arguments RPAREN
    (36) expression -> . RANGE LPAREN optional_arguments RPAREN
    (37) expression -> . expression DOT NAME LPAREN optional_arguments RPAREN
    (38) expression -> . expression DOT NAME
    (39) expression -> . expression AND expression
    (40) expression -> . expression OR expression
    (41) expression -> . NOT expression
    (42) expression -> . expression IN expression
    (43) expression -> . expression NOT IN expression
    (44) expression -> . expression EQUALTO expression
    (45) expression -> . expression NOTEQUALTO expression
    (46) expression -> . expression GREATERTHAN expression
    (47) expression -> . expression LESSTHAN expression
    (48) expression -> . expression GREATERTHANEQUALTO expression
    (49) expression -> . expression LESSTHANEQUALTO expression
    (50) expression -> . TRUE
    (51) expression -> . FALSE
    (52) expression -> . NULL
    (53) expression -> . COND LPAREN expression RPAREN

    NUMBER          shift and go to state 2
    LPAREN          shift and go to state 3
    SQUAREROOT      shift and go to state 4
    SINE            shift and go to state 5
    COSINE          shift and go to state 6
    TANGENT         shift and go to state 7
    PI              shift and go to state 8
    PRINT           shift and go to state 9
    STRING          shift and go to state 10
    NAME            shift and go to state 11
    LBRACKET        shift and go to state 12
    LBRACE          shift and go to state 13
    RANGE           shift and go to state 14
    NOT             shift and go to state 15
    TRUE            shift and go to state 16
    FALSE           shift and go to state 17
    NULL            shift and go to state 18
    COND            shift and go to state 19

    expression                     shift and go to state 80

state 42

    (12) expression -> SINE LPAREN . expression RPAREN
    (1) expression -> . NUMBER
    (2) expression -> . LPAREN expression RPAREN
    (3) expression -> . expression PLUS expression
    (4) expression -> . expression MINUS expression
    (5) expression -> . expression DIVIDE expression
    (6) expression -> . expression FLOORDIVIDE expression
    (7) expression -> . expression MULTIPLY expression
    (8) expression -> . expression AT expression
    (9) expression -> . expression MODULO expression
    (10) expression -> . expression POWER expression
    (11) expression -> . SQUAREROOT LPAREN expression RPAREN
    (12) expression -> . SINE LPAREN expression RPAREN
    (13) expression -> . COSINE LPAREN expression RPAREN
    (14) expression -> . TANGENT LPAREN expression RPAREN
    (15) expression -> . PI
    (16) expression -> . PRINT LPAREN expression RPAREN
    (17) expression -> . STRING
    (18) expression -> . NAME EQ expression
    (19) expression -> . NAME
    (20) expression -> . LBRACKET optional_arguments RBRACKET
    (21) expression -> . LBRACE RBRACE
    (22) expression -> . LBRACE dictionary_items RBRACE
    (23) expression -> . LBRACE dictionary_items COMMA RBRACE
    (27) expression -> . expression LBRACKET expression RBRACKET
    (28) expression -> . expression LBRACKET optional_expression COLON optional_expression RBRACKET
    (35) expression -> . NAME LPAREN optional_arguments RPAREN
    (36) expression -> . RANGE LPAREN optional_arguments RPAREN
    (37) expression -> . expression DOT NAME LPAREN optional_arguments RPAREN
    (38) expression -> . expression DOT NAME
    (39) expression -> . expression AND expression
    (40) expression -> . expression OR expression
    (41) expression -> . NOT expression
    (42) expression -> . expression IN expression
    (43) expression -> . expression NOT IN expression
    (44) expression -> . expression EQUALTO expression
    (45) expression -> . expression NOTEQUALTO expression
    (46) expression -> . expression GREATERTHAN expression
    (47) expression -> . expression LESSTHAN expression
    (48) expression -> . expression GREATERTHANEQUALTO expression
    (49) expression -> . expression LESSTHANEQUALTO expression
    (50) expression -> . TRUE
    (51) expression -> . FALSE
    (52) expression -> . NULL
    (53) expression -> . COND LPAREN expression RPAREN

    NUMBER          shift and go to state 2
    LPAREN          shift and go to state 3
    SQUAREROOT      shift and go to state 4
    SINE            shift and go to state 5
    COSINE          shift and go to state 6
    TANGENT         shift and go to state 7
    PI              shift and go to state 8
    PRINT           shift and go to state 9
    STRING          shift and go to state 10
    NAME            shift and go to state 11
    LBRACKET        shift and go to state 12
    LBRACE          shift and go to state 13
    RANGE           shift and go to state 14
    NOT             shift and go to state 15
    TRUE            shift and go to state 16
    FALSE           shift and go to state 17
    NULL            shift and go to state 18
    COND            shift and go to state 19

    expression                     shift and go to state 81

state 43

    (13) expression -> COSINE LPAREN . expression RPAREN
    (1) expression -> . NUMBER
    (2) expression -> . LPAREN expression RPAREN
    (3) expression -> . expression PLUS expression
    (4) expression -> . expression MINUS expression
    (5) expression -> . expression DIVIDE expression
    (6) expression -> . expression FLOORDIVIDE expression
    (7) expression -> . expression MULTIPLY expression
    (8) expression -> . expression AT expression
    (9) expression -> . expression MODULO expression
    (10) expression -> . expression POWER expression
    (11) expression -> . SQUAREROOT LPAREN expression RPAREN
    (12) expression -> . SINE LPAREN expression RPAREN
    (13) expression -> . COSINE LPAREN expression RPAREN
    (14) expression -> . TANGENT LPAREN expression RPAREN
    (15) expression -> . PI
    (16) expression -> . PRINT LPAREN expression RPAREN
    (17) expression -> . STRING
    (18) expression -> . NAME EQ expression
    (19) expression -> . NAME
    (20) expression -> . LBRACKET optional_arguments RBRACKET
    (21) expression -> . LBRACE RBRACE
    (22) expression -> . LBRACE dictionary_items RBRACE
    (23) expression -> . LBRACE dictionary_items COMMA RBRACE
    (27) expression -> . expression LBRACKET expression RBRACKET
    (28) expression -> . expression LBRACKET optional_expression COLON optional_expression RBRACKET
    (35) expression -> . NAME LPAREN optional_arguments RPAREN
    (36) expression -> . RANGE LPAREN optional_arguments RPAREN
    (37) expression -> . expression DOT NAME LPAREN optional_arguments RPAREN
    (38) expression -> . expression DOT NAME
    (39) expression -> . expression AND expression
    (40) expression -> . expression OR expression
    (41) expression -> . NOT expression
    (42) expression -> . expression IN expression
    (43) expression -> . expression NOT IN expression
    (44) expression -> . expression EQUALTO expression
    (45) expression -> . expression NOTEQUALTO expression
    (46) expression -> . expression GREATERTHAN expression
    (47) expression -> . expression LESSTHAN expression
    (48) expression -> . expression GREATERTHANEQUALTO expression
    (49) expression -> . expression LESSTHANEQUALTO expression
    (50) expression -> . TRUE
    (51) expression -> . FALSE
    (52) expression -> . NULL
    (53) expression -> . COND LPAREN expression RPAREN

    NUMBER          shift and go to state 2
    LPAREN          shift and go to state 3
    SQUAREROOT      shift and go to state 4
    SINE            shift and go to state 5
    COSINE          shift and go to state 6
    TANGENT         shift and go to state 7
    PI              shift and go to state 8
    PRINT           shift and go to state 9
    STRING          shift and go to state 10
    NAME            shift and go to state 11
    LBRACKET        shift and go to state 12
    LBRACE          shift and go to state 13
    RANGE           shift and go to state 14
    NOT             shift and go to state 15
    TRUE            shift and go to state 16
    FALSE           shift and go to state 17
    NULL            shift and go to state 18
    COND            shift and go to state 19

    expression                     shift and go to state 82

state 44

    (14) expression -> TANGENT LPAREN . expression RPAREN
    (1) expression -> . NUMBER
    (2) expression -> . LPAREN expression RPAREN
    (3) expression -> . expression PLUS expression
    (4) expression -> . expression MINUS expression
    (5) expression -> . expression DIVIDE expression
    (6) expression -> . expression FLOORDIVIDE expression
    (7) expression -> . expression MULTIPLY expression
    (8) expression -> . expression AT expression
    (9) expression -> . expression MODULO expression
    (10) expression -> . expression POWER expression
    (11) expression -> . SQUAREROOT LPAREN expression RPAREN
    (12) expression -> . SINE LPAREN expression RPAREN
    (13) expression -> . COSINE LPAREN expression RPAREN
    (14) expression -> . TANGENT LPAREN expression RPAREN
    (15) expression -> . PI
    (16) expression -> . PRINT LPAREN expression RPAREN
    (17) expression -> . STRING
    (18) expression -> . NAME EQ expression
    (19) expression -> . NAME
    (20) expression -> . LBRACKET optional_arguments RBRACKET
    (21) expression -> . LBRACE RBRACE
    (22) expression -> . LBRACE dictionary_items RBRACE
    (23) expression -> . LBRACE dictionary_items COMMA RBRACE
    (27) expression -> . expression LBRACKET expression RBRACKET
    (28) expression -> . expression LBRACKET optional_expression COLON optional_expression RBRACKET
    (35) expression -> . NAME LPAREN optional_arguments RPAREN
    (36) expression -> . RANGE LPAREN optional_arguments RPAREN
    (37) expression -> . expression DOT NAME LPAREN optional_arguments RPAREN
    (38) expression -> . expression DOT NAME
    (39) expression -> . expression AND expression
    (40) expression -> . expression OR expression
    (41) expression -> . NOT expression
    (42) expression -> . expression IN expression
    (43) expression -> . expression NOT IN expression
    (44) expression -> . expression EQUALTO expression
    (45) expression -> . expression NOTEQUALTO expression
    (46) expression -> . expression GREATERTHAN expression
    (47) expression -> . expression LESSTHAN expression
    (48) expression -> . expression GREATERTHANEQUALTO expression
    (49) expression -> . expression LESSTHANEQUALTO expression
    (50) expression -> . TRUE
    (51) expression -> . FALSE
    (52) expression -> . NULL
    (53) expression -> . COND LPAREN expression RPAREN

    NUMBER          shift and go to state 2
    LPAREN          shift and go to state 3
    SQUAREROOT      shift and go to state 4
    SINE            shift and go to state 5
    COSINE          shift and go to state 6
    TANGENT         shift and go to state 7
    PI              shift and go to state 8
    PRINT           shift and go to state 9
    STRING          shift and go to state 10
    NAME            shift and go to state 11
    LBRACKET        shift and go to state 12
    LBRACE          shift and go to state 13
    RANGE           shift and go to state 14
    NOT             shift and go to state 15
    TRUE            shift and go to state 16
    FALSE           shift and go to state 17
    NULL            shift and go to state 18
    COND            shift and go to state 19

    expression                     shift and go to state 83

state 45

    (16) expression -> PRINT LPAREN . expression RPAREN
    (1) expression -> . NUMBER
    (2) expression -> . LPAREN expression RPAREN
    (3) expression -> . expression PLUS expression
    (4) expression -> . expression MINUS expression
    (5) expression -> . expression DIVIDE expression
    (6) expression -> . expression FLOORDIVIDE expression
    (7) expression -> . expression MULTIPLY expression
    (8) expression -> . expression AT expression
    (9) expression -> . expression MODULO expression
    (10) expression -> . expression POWER expression
    (11) expression -> . SQUAREROOT LPAREN expression RPAREN
    (12) expression -> . SINE LPAREN expression RPAREN
    (13) expression -> . COSINE LPAREN expression RPAREN
    (14) expression -> . TANGENT LPAREN expression RPAREN
    (15) expression -> . PI
    (16) expression -> . PRINT LPAREN expression RPAREN
    (17) expression -> . STRING
    (18) expression -> . NAME EQ expression
    (19) expression -> . NAME
    (20) expression -> . LBRACKET optional_arguments RBRACKET
    (21) expression -> . LBRACE RBRACE
    (22) expression -> . LBRACE dictionary_items RBRACE
    (23) expression -> . LBRACE dictionary_items COMMA RBRACE
    (27) expression -> . expression LBRACKET expression RBRACKET
    (28) expression -> . expression LBRACKET optional_expression COLON optional_expression RBRACKET
    (35) expression -> . NAME LPAREN optional_arguments RPAREN
    (36) expression -> . RANGE LPAREN optional_arguments RPAREN
    (37) expression -> . expression DOT NAME LPAREN optional_arguments RPAREN
    (38) expression -> . expression DOT NAME
    (39) expression -> . expression AND expression
    (40) expression -> . expression OR expression
    (41) expression -> . NOT expression
    (42) expression -> . expression IN expression
    (43) expression -> . expression NOT IN expression
    (44) expression -> . expression EQUALTO expression
    (45) expression -> . expression NOTEQUALTO expression
    (46) expression -> . expression GREATERTHAN expression
    (47) expression -> . expression LESSTHAN expression
    (48) expression -> . expression GREATERTHANEQUALTO expression
    (49) expression -> . expression LESSTHANEQUALTO expression
    (50) expression -> . TRUE
    (51) expression -> . FALSE
    (52) expression -> . NULL
    (53) expression -> . COND LPAREN expression RPAREN

    NUMBER          shift and go to state 2
    LPAREN          shift and go to state 3
    SQUAREROOT      shift and go to state 4
    SINE            shift and go to state 5
    COSINE          shift and go to state 6
    TANGENT         shift and go to state 7
    PI              shift and go to state 8
    PRINT           shift and go to state 9
    STRING          shift and go to state 10
    NAME            shift and go to state 11
    LBRACKET        shift and go to state 12
    LBRACE          shift and go to state 13
    RANGE           shift and go to state 14
    NOT             shift and go to state 15
    TRUE            shift and go to state 16
    FALSE           shift and go to state 17
    NULL            shift and go to state 18
    COND            shift and go to state 19

    expression                     shift and go to state 84

state 46

    (18) expression -> NAME EQ . expression
    (1) expression -> . NUMBER
    (2) expression -> . LPAREN expression RPAREN
    (3) expression -> . expression PLUS expression
    (4) expression -> . expression MINUS expression
    (5) expression -> . expression DIVIDE expression
    (6) expression -> . expression FLOORDIVIDE expression
    (7) expression -> . expression MULTIPLY expression
    (8) expression -> . expression AT expression
    (9) expression -> . expression MODULO expression
    (10) expression -> . expression POWER expression
    (11) expression -> . SQUAREROOT LPAREN expression RPAREN
    (12) expression -> . SINE LPAREN expression RPAREN
    (13) expression -> . COSINE LPAREN expression RPAREN
    (14) expression -> . TANGENT LPAREN expression RPAREN
    (15) expression -> . PI
    (16) expression -> . PRINT LPAREN expression RPAREN
    (17) expression -> . STRING
    (18) expression -> . NAME EQ expression
    (19) expression -> . NAME
    (20) expression -> . LBRACKET optional_arguments RBRACKET
    (21) expression -> . LBRACE RBRACE
    (22) expression -> . LBRACE dictionary_items RBRACE
    (23) expression -> . LBRACE dictionary_items COMMA RBRACE
    (27) expression -> . expression LBRACKET expression RBRACKET
    (28) expression -> . expression LBRACKET optional_expression COLON optional_expression RBRACKET
    (35) expression -> . NAME LPAREN optional_arguments RPAREN
    (36) expression -> . RANGE LPAREN optional_arguments RPAREN
    (37) expression -> . expression DOT NAME LPAREN optional_arguments RPAREN
    (38) expression -> . expression DOT NAME
    (39) expression -> . expression AND expression
    (40) expression -> . expression OR expression
    (41) expression -> . NOT expression
    (42) expression -> . expression IN expression
    (43) expression -> . expression NOT IN expression
    (44) expression -> . expression EQUALTO expression
    (45) expression -> . expression NOTEQUALTO expression
    (46) expression -> . expression GREATERTHAN expression
    (47) expression -> . expression LESSTHAN expression
    (48) expression -> . expression GREATERTHANEQUALTO expression
    (49) expression -> . expression LESSTHANEQUALTO expression
    (50) expression -> . TRUE
    (51) expression -> . FALSE
    (52) expression -> . NULL
    (53) expression -> . COND LPAREN expression RPAREN

    NUMBER          shift and go to state 2
    LPAREN          shift and go to state 3
    SQUAREROOT      shift and go to state 4
    SINE            shift and go to state 5
    COSINE          shift and go to state 6
    TANGENT         shift and go to state 7
    PI              shift and go to state 8
    PRINT           shift and go to state 9
    STRING          shift and go to state 10
    NAME            shift and go to state 11
    LBRACKET        shift and go to state 12
    LBRACE          shift and go to state 13
    RANGE           shift and go to state 14
    NOT             shift and go to state 15
    TRUE            shift and go to state 16
    FALSE           shift and go to state 17
    NULL            shift and go to state 18
    COND            shift and go to state 19

    expression                     shift and go to state 85

state 47

    (35) expression -> NAME LPAREN . optional_arguments RPAREN
    (31) optional_arguments -> .
    (32) optional_arguments -> . arguments
    (33) arguments -> . expression
    (34) arguments -> . arguments COMMA expression
    (1) expression -> . NUMBER
    (2) expression -> . LPAREN expression RPAREN
    (3) expression -> . expression PLUS expression
    (4) expression -> . expression MINUS expression
    (5) expression -> . expression DIVIDE expression
    (6) expression -> . expression FLOORDIVIDE expression
    (7) expression -> . expression MULTIPLY expression
    (8) expression -> . expression AT expression
    (9) expression -> . expression MODULO expression
    (10) expression -> . expression POWER expression
    (11) expression -> . SQUAREROOT LPAREN expression RPAREN
    (12) expression -> . SINE LPAREN expression RPAREN
    (13) expression -> . COSINE LPAREN expression RPAREN
    (14) expression -> . TANGENT LPAREN expression RPAREN
    (15) expression -> . PI
    (16) expression -> . PRINT LPAREN expression RPAREN
    (17) expression -> . STRING
    (18) expression -> . NAME EQ expression
    (19) expression -> . NAME
    (20) expression -> . LBRACKET optional_arguments RBRACKET
    (21) expression -> . LBRACE RBRACE
    (22) expression -> . LBRACE dictionary_items RBRACE
    (23) expression -> . LBRACE dictionary_items COMMA RBRACE
    (27) expression -> . expression LBRACKET expression RBRACKET
    (28) expression -> . expression LBRACKET optional_expression COLON optional_expression RBRACKET
    (35) expression -> . NAME LPAREN optional_arguments RPAREN
    (36) expression -> . RANGE LPAREN optional_arguments RPAREN
    (37) expression -> . expression DOT NAME LPAREN optional_arguments RPAREN
    (38) expression -> . expression DOT NAME
    (39) expression -> . expression AND expression
    (40) expression -> . expression OR expression
    (41) expression -> . NOT expression
    (42) expression -> . expression IN expression
    (43) expression -> . expression NOT IN expression
    (44) expression -> . expression EQUALTO expression
    (45) expression -> . expression NOTEQUALTO expression
    (46) expression -> . expression GREATERTHAN expression
    (47) expression -> . expression LESSTHAN expression
    (48) expression -> . expression GREATERTHANEQUALTO expression
    (49) expression -> . expression LESSTHANEQUALTO expression
    (50) expression -> . TRUE
    (51) expression -> . FALSE
    (52) expression -> . NULL
    (53) expression -> . COND LPAREN expression RPAREN

    RPAREN          reduce using rule 31 (optional_arguments -> .)
    NUMBER          shift and go to state 2
    LPAREN          shift and go to state 3
    SQUAREROOT      shift and go to state 4
    SINE            shift and go to state 5
    COSINE          shift and go to state 6
    TANGENT         shift and go to state 7
    PI              shift and go to state 8
    PRINT           shift and go to state 9
    STRING          shift and go to state 10
    NAME            shift and go to state 11
    LBRACKET        shift and go to state 12
    LBRACE          shift and go to state 13
    RANGE           shift and go to state 14
    NOT             shift and go to state 15
    TRUE            shift and go to state 16
    FALSE           shift and go to state 17
    NULL            shift and go to state 18
    COND            shift and go to state 19

    optional_arguments             shift and go to state 86
    arguments                      shift and go to state 49
    expression                     shift and go to state 50

state 48

    (20) expression -> LBRACKET optional_arguments . RBRACKET

    RBRACKET        shift and go to state 87


state 49

    (32) optional_arguments -> arguments .
    (34) arguments -> arguments . COMMA expression

    RBRACKET        reduce using rule 32 (optional_arguments -> arguments .)
    RPAREN          reduce using rule 32 (optional_arguments -> arguments .)
    COMMA           shift and go to state 88


state 50

    (33) arguments -> expression .
    (3) expression -> expression . PLUS expression
    (4) expression -> expression . MINUS expression
    (5) expression -> expression . DIVIDE expression
    (6) expression -> expression . FLOORDIVIDE expression
    (7) expression -> expression . MULTIPLY expression
    (8) expression -> expression . AT expression
    (9) expression -> expression . MODULO expression
    (10) expression -> expression . POWER expression
    (27) expression -> expression . LBRACKET expression RBRACKET
    (28) expression -> expression . LBRACKET optional_expression COLON optional_expression RBRACKET
    (37) expression -> expression . DOT NAME LPAREN optional_arguments RPAREN
    (38) expression -> expression . DOT NAME
    (39) expression -> expression . AND expression
    (40) expression -> expression . OR expression
    (42) expression -> expression . IN expression
    (43) expression -> expression . NOT IN expression
    (44) expression -> expression . EQUALTO expression
    (45) expression -> expression . NOTEQUALTO expression
    (46) expression -> expression . GREATERTHAN expression
    (47) expression -> expression . LESSTHAN expression
    (48) expression -> expression . GREATERTHANEQUALTO expression
    (49) expression -> expression . LESSTHANEQUALTO expression

    COMMA           reduce using rule 33 (arguments -> expression .)
    RBRACKET        reduce using rule 33 (arguments -> expression .)
    RPAREN          reduce using rule 33 (arguments -> expression .)
    PLUS            shift and go to state 20
    MINUS           shift and go to state 21
    DIVIDE          shift and go to state 22
    FLOORDIVIDE     shift and go to state 23
    MULTIPLY        shift and go to state 24
    AT              shift and go to state 25
    MODULO          shift and go to state 26
    POWER           shift and go to state 27
    LBRACKET        shift and go to state 28
    DOT             shift and go to state 29
    AND             shift and go to state 30
    OR              shift and go to state 31
    IN              shift and go to state 32
    NOT             shift and go to state 33
    EQUALTO         shift and go to state 34
    NOTEQUALTO      shift and go to state 35
    GREATERTHAN     shift and go to state 36
    LESSTHAN        shift and go to state 37
    GREATERTHANEQUALTO shift and go to state 38
    LESSTHANEQUALTO shift and go to state 39


state 51

    (21) expression -> LBRACE RBRACE .

    PLUS            reduce using rule 21 (expression -> LBRACE RBRACE .)
    MINUS           reduce using rule 21 (expression -> LBRACE RBRACE .)
    DIVIDE          reduce using rule 21 (expression -> LBRACE RBRACE .)
    FLOORDIVIDE     reduce using rule 21 (expression -> LBRACE RBRACE .)
    MULTIPLY        reduce using rule 21 (expression -> LBRACE RBRACE .)
    AT              reduce using rule 21 (expression -> LBRACE RBRACE .)
    MODULO          reduce using rule 21 (expression -> LBRACE RBRACE .)
    POWER           reduce using rule 21 (expression -> LBRACE RBRACE .)
    LBRACKET        reduce using rule 21 (expression -> LBRACE RBRACE .)
    DOT             reduce using rule 21 (expression -> LBRACE RBRACE .)
    AND             reduce using rule 21 (expression -> LBRACE RBRACE .)
    OR              reduce using rule 21 (expression -> LBRACE RBRACE .)
    IN              reduce using rule 21 (expression -> LBRACE RBRACE .)
    NOT             reduce using rule 21 (expression -> LBRACE RBRACE .)
    EQUALTO         reduce using rule 21 (expression -> LBRACE RBRACE .)
    NOTEQUALTO      reduce using rule 21 (expression -> LBRACE RBRACE .)
    GREATERTHAN     reduce using rule 21 (expression -> LBRACE RBRACE .)
    LESSTHAN        reduce using rule 21 (expression -> LBRACE RBRACE .)
    GREATERTHANEQUALTO reduce using rule 21 (expression -> LBRACE RBRACE .)
    LESSTHANEQUALTO reduce using rule 21 (expression -> LBRACE RBRACE .)
    $end            reduce using rule 21 (expression -> LBRACE RBRACE .)
    RPAREN          reduce using rule 21 (expression -> LBRACE RBRACE .)
    COMMA           reduce using rule 21 (expression -> LBRACE RBRACE .)
    RBRACKET        reduce using rule 21 (expression -> LBRACE RBRACE .)
    COLON           reduce using rule 21 (expression -> LBRACE RBRACE .)
    RBRACE          reduce using rule 21 (expression -> LBRACE RBRACE .)


state 52

    (22) expression -> LBRACE dictionary_items . RBRACE
    (23) expression -> LBRACE dictionary_items . COMMA RBRACE
    (26) dictionary_items -> dictionary_items . COMMA dictionary_item

    RBRACE          shift and go to state 89
    COMMA           shift and go to state 90


state 53

    (25) dictionary_items -> dictionary_item .

    RBRACE          reduce using rule 25 (dictionary_items -> dictionary_item .)
    COMMA           reduce using rule 25 (dictionary_items -> dictionary_item .)


state 54

    (24) dictionary_item -> expression . COLON expression
    (3) expression -> expression . PLUS expression
    (4) expression -> expression . MINUS expression
    (5) expression -> expression . DIVIDE expression
    (6) expression -> expression . FLOORDIVIDE expression
    (7) expression -> expression . MULTIPLY expression
    (8) expression -> expression . AT expression
    (9) expression -> expression . MODULO expression
    (10) expression -> expression . POWER expression
    (27) expression -> expression . LBRACKET expression RBRACKET
    (28) expression -> expression . LBRACKET optional_expression COLON optional_expression RBRACKET
    (37) expression -> expression . DOT NAME LPAREN optional_arguments RPAREN
    (38) expression -> expression . DOT NAME
    (39) expression -> expression . AND expression
    (40) expression -> expression . OR expression
    (42) expression -> expression . IN expression
    (43) expression -> expression . NOT IN expression
    (44) expression -> expression . EQUALTO expression
    (45) expression -> expression . NOTEQUALTO expression
    (46) expression -> expression . GREATERTHAN expression
    (47) expression -> expression . LESSTHAN expression
    (48) expression -> expression . GREATERTHANEQUALTO expression
    (49) expression -> expression . LESSTHANEQUALTO expression

    COLON           shift and go to state 91
    PLUS            shift and go to state 20
    MINUS           shift and go to state 21
    DIVIDE          shift and go to state 22
    FLOORDIVIDE     shift and go to state 23
    MULTIPLY        shift and go to state 24
    AT              shift and go to state 25
    MODULO          shift and go to state 26
    POWER           shift and go to state 27
    LBRACKET        shift and go to state 28
    DOT             shift and go to state 29
    AND             shift and go to state 30
    OR              shift and go to state 31
    IN              shift and go to state 32
    NOT             shift and go to state 33
    EQUALTO         shift and go to state 34
    NOTEQUALTO      shift and go to state 35
    GREATERTHAN     shift and go to state 36
    LESSTHAN        shift and go to state 37
    GREATERTHANEQUALTO shift and go to state 38
    LESSTHANEQUALTO shift and go to state 39


state 55

    (36) expression -> RANGE LPAREN . optional_arguments RPAREN
    (31) optional_arguments -> .
    (32) optional_arguments -> . arguments
    (33) arguments -> . expression
    (34) arguments -> . arguments COMMA expression
    (1) expression -> . NUMBER
    (2) expression -> . LPAREN expression RPAREN
    (3) expression -> . expression PLUS expression
    (4) expression -> . expression MINUS expression
    (5) expression -> . expression DIVIDE expression
    (6) expression -> . expression FLOORDIVIDE expression
    (7) expression -> . expression MULTIPLY expression
    (8) expression -> . expression AT expression
    (9) expression -> . expression MODULO expression
    (10) expression -> . expression POWER expression
    (11) expression -> . SQUAREROOT LPAREN expression RPAREN
    (12) expression -> . SINE LPAREN expression RPAREN
    (13) expression -> . COSINE LPAREN expression RPAREN
    (14) expression -> . TANGENT LPAREN expression RPAREN
    (15) expression -> . PI
    (16) expression -> . PRINT LPAREN expression RPAREN
    (17) expression -> . STRING
    (18) expression -> . NAME EQ expression
    (19) expression -> . NAME
    (20) expression -> . LBRACKET optional_arguments RBRACKET
    (21) expression -> . LBRACE RBRACE
    (22) expression -> . LBRACE dictionary_items RBRACE
    (23) expression -> . LBRACE dictionary_items COMMA RBRACE
    (27) expression -> . expression LBRACKET expression RBRACKET
    (28) expression -> . expression LBRACKET optional_expression COLON optional_expression RBRACKET
    (35) expression -> . NAME LPAREN optional_arguments RPAREN
    (36) expression -> . RANGE LPAREN optional_arguments RPAREN
    (37) expression -> . expression DOT NAME LPAREN optional_arguments RPAREN
    (38) expression -> . expression DOT NAME
    (39) expression -> . expression AND expression
    (40) expression -> . expression OR expression
    (41) expression -> . NOT expression
    (42) expression -> . expression IN expression
    (43) expression -> . expression NOT IN expression
    (44) expression -> . expression EQUALTO expression
    (45) expression -> . expression NOTEQUALTO expression
    (46) expression -> . expression GREATERTHAN expression
    (47) expression -> . expression LESSTHAN expression
    (48) expression -> . expression GREATERTHANEQUALTO expression
    (49) expression -> . expression LESSTHANEQUALTO expression
    (50) expression -> . TRUE
    (51) expression -> . FALSE
    (52) expression -> . NULL
    (53) expression -> . COND LPAREN expression RPAREN

    RPAREN          reduce using rule 31 (optional_arguments -> .)
    NUMBER          shift and go to state 2
    LPAREN          shift and go to state 3
    SQUAREROOT      shift and go to state 4
    SINE            shift and go to state 5
    COSINE          shift and go to state 6
    TANGENT         shift and go to state 7
    PI              shift and go to state 8
    PRINT           shift and go to state 9
    STRING          shift and go to state 10
    NAME            shift and go to state 11
    LBRACKET        shift and go to state 12
    LBRACE          shift and go to state 13
    RANGE           shift and go to state 14
    NOT             shift and go to state 15
    TRUE            shift and go to state 16
    FALSE           shift and go to state 17
    NULL            shift and go to state 18
    COND            shift and go to state 19

    optional_arguments             shift and go to state 92
    arguments                      shift and go to state 49
    expression                     shift and go to state 50

state 56

    (41) expression -> NOT expression .
    (3) expression -> expression . PLUS expression
    (4) expression -> expression . MINUS expression
    (5) expression -> expression . DIVIDE expression
    (6) expression -> expression . FLOORDIVIDE expression
    (7) expression -> expression . MULTIPLY expression
    (8) expression -> expression . AT expression
    (9) expression -> expression . MODULO expression
    (10) expression -> expression . POWER expression
    (27) expression -> expression . LBRACKET expression RBRACKET
    (28) expression -> expression . LBRACKET optional_expression COLON optional_expression RBRACKET
    (37) expression -> expression . DOT NAME LPAREN optional_arguments RPAREN
    (38) expression -> expression . DOT NAME
    (39) expression -> expression . AND expression
    (40) expression -> expression . OR expression
    (42) expression -> expression . IN expression
    (43) expression -> expression . NOT IN expression
    (44) expression -> expression . EQUALTO expression
    (45) expression -> expression . NOTEQUALTO expression
    (46) expression -> expression . GREATERTHAN expression
    (47) expression -> expression . LESSTHAN expression
    (48) expression -> expression . GREATERTHANEQUALTO expression
    (49) expression -> expression . LESSTHANEQUALTO expression

    AND             reduce using rule 41 (expression -> NOT expression .)
    OR              reduce using rule 41 (expression -> NOT expression .)
    $end            reduce using rule 41 (expression -> NOT expression .)
    RPAREN          reduce using rule 41 (expression -> NOT expression .)
    COMMA           reduce using rule 41 (expression -> NOT expression .)
    RBRACKET        reduce using rule 41 (expression -> NOT expression .)
    COLON           reduce using rule 41 (expression -> NOT expression .)
    RBRACE          reduce using rule 41 (expression -> NOT expression .)
    PLUS            shift and go to state 20
    MINUS           shift and go to state 21
    DIVIDE          shift and go to state 22
    FLOORDIVIDE     shift and go to state 23
    MULTIPLY        shift and go to state 24
    AT              shift and go to state 25
    MODULO          shift and go to state 26
    POWER           shift and go to state 27
    LBRACKET        shift and go to state 28
    DOT             shift and go to state 29
    IN              shift and go to state 32
    NOT             shift and go to state 33
    EQUALTO         shift and go to state 34
    NOTEQUALTO      shift and go to state 35
    GREATERTHAN     shift and go to state 36
    LESSTHAN        shift and go to state 37
    GREATERTHANEQUALTO shift and go to state 38
    LESSTHANEQUALTO shift and go to state 39

  ! PLUS            [ reduce using rule 41 (expression -> NOT expression .) ]
  ! MINUS           [ reduce using rule 41 (expression -> NOT expression .) ]
  ! DIVIDE          [ reduce using rule 41 (expression -> NOT expression .) ]
  ! FLOORDIVIDE     [ reduce using rule 41 (expression -> NOT expression .) ]
  ! MULTIPLY        [ reduce using rule 41 (expression -> NOT expression .) ]
  ! AT              [ reduce using rule 41 (expression -> NOT expression .) ]
  ! MODULO          [ reduce using rule 41 (expression -> NOT expression .) ]
  ! POWER           [ reduce using rule 41 (expression -> NOT expression .) ]
  ! LBRACKET        [ reduce using rule 41 (expression -> NOT expression .) ]
  ! DOT             [ reduce using rule 41 (expression -> NOT expression .) ]
  ! IN              [ reduce using rule 41 (expression -> NOT expression .) ]
  ! NOT             [ reduce using rule 41 (expression -> NOT expression .) ]
  ! EQUALTO         [ reduce using rule 41 (expression -> NOT expression .) ]
  ! NOTEQUALTO      [ reduce using rule 41 (expression -> NOT expression .) ]
  ! GREATERTHAN     [ reduce using rule 41 (expression -> NOT expression .) ]
  ! LESSTHAN        [ reduce using rule 41 (expression -> NOT expression .) ]
  ! GREATERTHANEQUALTO [ reduce using rule 41 (expression -> NOT expression .) ]
  ! LESSTHANEQUALTO [ reduce using rule 41 (expression -> NOT expression .) ]
  ! AND             [ shift and go to state 30 ]
  ! OR              [ shift and go to state 31 ]


state 57

    (53) expression -> COND LPAREN . expression RPAREN
    (1) expression -> . NUMBER
    (2) expression -> . LPAREN expression RPAREN
    (3) expression -> . expression PLUS expression
    (4) expression -> . expression MINUS expression
    (5) expression -> . expression DIVIDE expression
    (6) expression -> . expression FLOORDIVIDE expression
    (7) expression -> . expression MULTIPLY expression
    (8) expression -> . expression AT expression
    (9) expression -> . expression MODULO expression
    (10) expression -> . expression POWER expression
    (11) expression -> . SQUAREROOT LPAREN expression RPAREN
    (12) expression -> . SINE LPAREN expression RPAREN
    (13) expression -> . COSINE LPAREN expression RPAREN
    (14) expression -> . TANGENT LPAREN expression RPAREN
    (15) expression -> . PI
    (16) expression -> . PRINT LPAREN expression RPAREN
    (17) expression -> . STRING
    (18) expression -> . NAME EQ expression
    (19) expression -> . NAME
    (20) expression -> . LBRACKET optional_arguments RBRACKET
    (21) expression -> . LBRACE RBRACE
    (22) expression -> . LBRACE dictionary_items RBRACE
    (23) expression -> . LBRACE dictionary_items COMMA RBRACE
    (27) expression -> . expression LBRACKET expression RBRACKET
    (28) expression -> . expression LBRACKET optional_expression COLON optional_expression RBRACKET
    (35) expression -> . NAME LPAREN optional_arguments RPAREN
    (36) expression -> . RANGE LPAREN optional_arguments RPAREN
    (37) expression -> . expression DOT NAME LPAREN optional_arguments RPAREN
    (38) expression -> . expression DOT NAME
    (39) expression -> . expression AND expression
    (40) expression -> . expression OR expression
    (41) expression -> . NOT expression
    (42) expression -> . expression IN expression
    (43) expression -> . expression NOT IN expression
    (44) expression -> . expression EQUALTO expression
    (45) expression -> . expression NOTEQUALTO expression
    (46) expression -> . expression GREATERTHAN expression
    (47) expression -> . expression LESSTHAN expression
    (48) expression -> . expression GREATERTHANEQUALTO expression
    (49) expression -> . expression LESSTHANEQUALTO expression
    (50) expression -> . TRUE
    (51) expression -> . FALSE
    (52) expression -> . NULL
    (53) expression -> . COND LPAREN expression RPAREN

    NUMBER          shift and go to state 2
    LPAREN          shift and go to state 3
    SQUAREROOT      shift and go to state 4
    SINE            shift and go to state 5
    COSINE          shift and go to state 6
    TANGENT         shift and go to state 7
    PI              shift and go to state 8
    PRINT           shift and go to state 9
    STRING          shift and go to state 10
    NAME            shift and go to state 11
    LBRACKET        shift and go to state 12
    LBRACE          shift and go to state 13
    RANGE           shift and go to state 14
    NOT             shift and go to state 15
    TRUE            shift and go to state 16
    FALSE           shift and go to state 17
    NULL            shift and go to state 18
    COND            shift and go to state 19

    expression                     shift and go to state 93

state 58

    (3) expression -> expression PLUS expression .
    (3) expression -> expression . PLUS expression
    (4) expression -> expression . MINUS expression
    (5) expression -> expression . DIVIDE expression
    (6) expression -> expression . FLOORDIVIDE expression
    (7) expression -> expression . MULTIPLY expression
    (8) expression -> expression . AT expression
    (9) expression -> expression . MODULO expression
    (10) expression -> expression . POWER expression
    (27) expression -> expression . LBRACKET expression RBRACKET
    (28) expression -> expression . LBRACKET optional_expression COLON optional_expression RBRACKET
    (37) expression -> expression . DOT NAME LPAREN optional_arguments RPAREN
    (38) expression -> expression . DOT NAME
    (39) expression -> expression . AND expression
    (40) expression -> expression . OR expression
    (42) expression -> expression . IN expression
    (43) expression -> expression . NOT IN expression
    (44) expression -> expression . EQUALTO expression
    (45) expression -> expression . NOTEQUALTO expression
    (46) expression -> expression . GREATERTHAN expression
    (47) expression -> expression . LESSTHAN expression
    (48) expression -> expression . GREATERTHANEQUALTO expression
    (49) expression -> expression . LESSTHANEQUALTO expression

    PLUS            reduce using rule 3 (expression -> expression PLUS expression .)
    MINUS           reduce using rule 3 (expression -> expression PLUS expression .)
    AND             reduce using rule 3 (expression -> expression PLUS expression .)
    OR              reduce using rule 3 (expression -> expression PLUS expression .)
    IN              reduce using rule 3 (expression -> expression PLUS expression .)
    NOT             reduce using rule 3 (expression -> expression PLUS expression .)
    EQUALTO         reduce using rule 3 (expression -> expression PLUS expression .)
    NOTEQUALTO      reduce using rule 3 (expression -> expression PLUS expression .)
    GREATERTHAN     reduce using rule 3 (expression -> expression PLUS expression .)
    LESSTHAN        reduce using rule 3 (expression -> expression PLUS expression .)
    GREATERTHANEQUALTO reduce using rule 3 (expression -> expression PLUS expression .)
    LESSTHANEQUALTO reduce using rule 3 (expression -> expression PLUS expression .)
    $end            reduce using rule 3 (expression -> expression PLUS expression .)
    RPAREN          reduce using rule 3 (expression -> expression PLUS expression .)
    COMMA           reduce using rule 3 (expression -> expression PLUS expression .)
    RBRACKET        reduce using rule 3 (expression -> expression PLUS expression .)
    COLON           reduce using rule 3 (expression -> expression PLUS expression .)
    RBRACE          reduce using rule 3 (expression -> expression PLUS expression .)
    DIVIDE          shift and go to state 22
    FLOORDIVIDE     shift and go to state 23
    MULTIPLY        shift and go to state 24
    AT              shift and go to state 25
    MODULO          shift and go to state 26
    POWER           shift and go to state 27
    LBRACKET        shift and go to state 28
    DOT             shift and go to state 29

  ! DIVIDE          [ reduce using rule 3 (expression -> expression PLUS expression .) ]
  ! FLOORDIVIDE     [ reduce using rule 3 (expression -> expression PLUS expression .) ]
  ! MULTIPLY        [ reduce using rule 3 (expression -> expression PLUS expression .) ]
  ! AT              [ reduce using rule 3 (expression -> expression PLUS expression .) ]
  ! MODULO          [ reduce using rule 3 (expression -> expression PLUS expression .) ]
  ! POWER           [ reduce using rule 3 (expression -> expression PLUS expression .) ]
  ! LBRACKET        [ reduce using rule 3 (expression -> expression PLUS expression .) ]
  ! DOT             [ reduce using rule 3 (expression -> expression PLUS expression .) ]
  ! PLUS            [ shift and go to state 20 ]
  ! MINUS           [ shift and go to state 21 ]
  ! AND             [ shift and go to state 30 ]
  ! OR              [ shift and go to state 31 ]
  ! IN              [ shift and go to state 32 ]
  ! NOT             [ shift and go to state 33 ]
  ! EQUALTO         [ shift and go to state 34 ]
  ! NOTEQUALTO      [ shift and go to state 35 ]
  ! GREATERTHAN     [ shift and go to state 36 ]
  ! LESSTHAN        [ shift and go to state 37 ]
  ! GREATERTHANEQUALTO [ shift and go to state 38 ]
  ! LESSTHANEQUALTO [ shift and go to state 39 ]


state 59

    (4) expression -> expression MINUS expression .
    (3) expression -> expression . PLUS expression
    (4) expression -> expression . MINUS expression
    (5) expression -> expression . DIVIDE expression
    (6) expression -> expression . FLOORDIVIDE expression
    (7) expression -> expression . MULTIPLY expression
    (8) expression -> expression . AT expression
    (9) expression -> expression . MODULO expression
    (10) expression -> expression . POWER expression
    (27) expression -> expression . LBRACKET expression RBRACKET
    (28) expression -> expression . LBRACKET optional_expression COLON optional_expression RBRACKET
    (37) expression -> expression . DOT NAME LPAREN optional_arguments RPAREN
    (38) expression -> expression . DOT NAME
    (39) expression -> expression . AND expression
    (40) expression -> expression . OR expression
    (42) expression -> expression . IN expression
    (43) expression -> expression . NOT IN expression
    (44) expression -> expression . EQUALTO expression
    (45) expression -> expression . NOTEQUALTO expression
    (46) expression -> expression . GREATERTHAN expression
    (47) expression -> expression . LESSTHAN expression
    (48) expression -> expression . GREATERTHANEQUALTO expression
    (49) expression -> expression . LESSTHANEQUALTO expression

    PLUS            reduce using rule 4 (expression -> expression MINUS expression .)
    MINUS           reduce using rule 4 (expression -> expression MINUS expression .)
    AND             reduce using rule 4 (expression -> expression MINUS expression .)
    OR              reduce using rule 4 (expression -> expression MINUS expression .)
    IN              reduce using rule 4 (expression -> expression MINUS expression .)
    NOT             reduce using rule 4 (expression -> expression MINUS expression .)
    EQUALTO         reduce using rule 4 (expression -> expression MINUS expression .)
    NOTEQUALTO      reduce using rule 4 (expression -> expression MINUS expression .)
    GREATERTHAN     reduce using rule 4 (expression -> expression MINUS expression .)
    LESSTHAN        reduce using rule 4 (expression -> expression MINUS expression .)
    GREATERTHANEQUALTO reduce using rule 4 (expression -> expression MINUS expression .)
    LESSTHANEQUALTO reduce using rule 4 (expression -> expression MINUS expression .)
    $end            reduce using rule 4 (expression -> expression MINUS expression .)
    RPAREN          reduce using rule 4 (expression -> expression MINUS expression .)
    COMMA           reduce using rule 4 (expression -> expression MINUS expression .)
    RBRACKET        reduce using rule 4 (expression -> expression MINUS expression .)
    COLON           reduce using rule 4 (expression -> expression MINUS expression .)
    RBRACE          reduce using rule 4 (expression -> expression MINUS expression .)
    DIVIDE          shift and go to state 22
    FLOORDIVIDE     shift and go to state 23
    MULTIPLY        shift and go to state 24
    AT              shift and go to state 25
    MODULO          shift and go to state 26
    POWER           shift and go to state 27
    LBRACKET        shift and go to state 28
    DOT             shift and go to state 29

  ! DIVIDE          [ reduce using rule 4 (expression -> expression MINUS expression .) ]
  ! FLOORDIVIDE     [ reduce using rule 4 (expression -> expression MINUS expression .) ]
  ! MULTIPLY        [ reduce using rule 4 (expression -> expression MINUS expression .) ]
  ! AT              [ reduce using rule 4 (expression -> expression MINUS expression .) ]
  ! MODULO          [ reduce using rule 4 (expression -> expression MINUS expression .) ]
  ! POWER           [ reduce using rule 4 (expression -> expression MINUS expression .) ]
  ! LBRACKET        [ reduce using rule 4 (expression -> expression MINUS expression .) ]
  ! DOT             [ reduce using rule 4 (expression -> expression MINUS expression .) ]
  ! PLUS            [ shift and go to state 20 ]
  ! MINUS           [ shift and go to state 21 ]
  ! AND             [ shift and go to state 30 ]
  ! OR              [ shift and go to state 31 ]
  ! IN              [ shift and go to state 32 ]
  ! NOT             [ shift and go to state 33 ]
  ! EQUALTO         [ shift and go to state 34 ]
  ! NOTEQUALTO      [ shift and go to state 35 ]
  ! GREATERTHAN     [ shift and go to state 36 ]
  ! LESSTHAN        [ shift and go to state 37 ]
  ! GREATERTHANEQUALTO [ shift and go to state 38 ]
  ! LESSTHANEQUALTO [ shift and go to state 39 ]


state 60

    (5) expression -> expression DIVIDE expression .
    (3) expression -> expression . PLUS expression
    (4) expression -> expression . MINUS expression
    (5) expression -> expression . DIVIDE expression
    (6) expression -> expression . FLOORDIVIDE expression
    (7) expression -> expression . MULTIPLY expression
    (8) expression -> expression . AT expression
    (9) expression -> expression . MODULO expression
    (10) expression -> expression . POWER expression
    (27) expression -> expression . LBRACKET expression RBRACKET
    (28) expression -> expression . LBRACKET optional_expression COLON optional_expression RBRACKET
    (37) expression -> expression . DOT NAME LPAREN optional_arguments RPAREN
    (38) expression -> expression . DOT NAME
    (39) expression -> expression . AND expression
    (40) expression -> expression . OR expression
    (42) expression -> expression . IN expression
    (43) expression -> expression . NOT IN expression
    (44) expression -> expression . EQUALTO expression
    (45) expression -> expression . NOTEQUALTO expression
    (46) expression -> expression . GREATERTHAN expression
    (47) expression -> expression . LESSTHAN expression
    (48) expression -> expression . GREATERTHANEQUALTO expression
    (49) expression -> expression . LESSTHANEQUALTO expression

    PLUS            reduce using rule 5 (expression -> expression DIVIDE expression .)
    MINUS           reduce using rule 5 (expression -> expression DIVIDE expression .)
    DIVIDE          reduce using rule 5 (expression -> expression DIVIDE expression .)
    FLOORDIVIDE     reduce using rule 5 (expression -> expression DIVIDE expression .)
    MULTIPLY        reduce using rule 5 (expression -> expression DIVIDE expression .)
    AT              reduce using rule 5 (expression -> expression DIVIDE expression .)
    MODULO          reduce using rule 5 (expression -> expression DIVIDE expression .)
    AND             reduce using rule 5 (expression -> expression DIVIDE expression .)
    OR              reduce using rule 5 (expression -> expression DIVIDE expression .)
    IN              reduce using rule 5 (expression -> expression DIVIDE expression .)
    NOT             reduce using rule 5 (expression -> expression DIVIDE expression .)
    EQUALTO         reduce using rule 5 (expression -> expression DIVIDE expression .)
    NOTEQUALTO      reduce using rule 5 (expression -> expression DIVIDE expression .)
    GREATERTHAN     reduce using rule 5 (expression -> expression DIVIDE expression .)
    LESSTHAN        reduce using rule 5 (expression -> expression DIVIDE expression .)
    GREATERTHANEQUALTO reduce using rule 5 (expression -> expression DIVIDE expression .)
    LESSTHANEQUALTO reduce using rule 5 (expression -> expression DIVIDE expression .)
    $end            reduce using rule 5 (expression -> expression DIVIDE expression .)
    RPAREN          reduce using rule 5 (expression -> expression DIVIDE expression .)
    COMMA           reduce using rule 5 (expression -> expression DIVIDE expression .)
    RBRACKET        reduce using rule 5 (expression -> expression DIVIDE expression .)
    COLON           reduce using rule 5 (expression -> expression DIVIDE expression .)
    RBRACE          reduce using rule 5 (expression -> expression DIVIDE expression .)
    POWER           shift and go to state 27
    LBRACKET        shift and go to state 28
    DOT             shift and go to state 29

  ! POWER           [ reduce using rule 5 (expression -> expression DIVIDE expression .) ]
  ! LBRACKET        [ reduce using rule 5 (expression -> expression DIVIDE expression .) ]
  ! DOT             [ reduce using rule 5 (expression -> expression DIVIDE expression .) ]
  ! PLUS            [ shift and go to state 20 ]
  ! MINUS           [ shift and go to state 21 ]
  ! DIVIDE          [ shift and go to state 22 ]
  ! FLOORDIVIDE     [ shift and go to state 23 ]
  ! MULTIPLY        [ shift and go to state 24 ]
  ! AT              [ shift and go to state 25 ]
  ! MODULO          [ shift and go to state 26 ]
  ! AND             [ shift and go to state 30 ]
  ! OR              [ shift and go to state 31 ]
  ! IN              [ shift and go to state 32 ]
  ! NOT             [ shift and go to state 33 ]
  ! EQUALTO         [ shift and go to state 34 ]
  ! NOTEQUALTO      [ shift and go to state 35 ]
  ! GREATERTHAN     [ shift and go to state 36 ]
  ! LESSTHAN        [ shift and go to state 37 ]
  ! GREATERTHANEQUALTO [ shift and go to state 38 ]
  ! LESSTHANEQUALTO [ shift and go to state 39 ]


state 61

    (6) expression -> expression FLOORDIVIDE expression .
    (3) expression -> expression . PLUS expression
    (4) expression -> expression . MINUS expression
    (5) expression -> expression . DIVIDE expression
    (6) expression -> expression . FLOORDIVIDE expression
    (7) expression -> expression . MULTIPLY expression
    (8) expression -> expression . AT expression
    (9) expression -> expression . MODULO expression
    (10) expression -> expression . POWER expression
    (27) expression -> expression . LBRACKET expression RBRACKET
    (28) expression -> expression . LBRACKET optional_expression COLON optional_expression RBRACKET
    (37) expression -> expression . DOT NAME LPAREN optional_arguments RPAREN
    (38) expression -> expression . DOT NAME
    (39) expression -> expression . AND expression
    (40) expression -> expression . OR expression
    (42) expression -> expression . IN expression
    (43) expression -> expression . NOT IN expression
    (44) expression -> expression . EQUALTO expression
    (45) expression -> expression . NOTEQUALTO expression
    (46) expression -> expression . GREATERTHAN expression
    (47) expression -> expression . LESSTHAN expression
    (48) expression -> expression . GREATERTHANEQUALTO expression
    (49) expression -> expression . LESSTHANEQUALTO expression

    PLUS            reduce using rule 6 (expression -> expression FLOORDIVIDE expression .)
    MINUS           reduce using rule 6 (expression -> expression FLOORDIVIDE expression .)
    DIVIDE          reduce using rule 6 (expression -> expression FLOORDIVIDE expression .)
    FLOORDIVIDE     reduce using rule 6 (expression -> expression FLOORDIVIDE expression .)
    MULTIPLY        reduce using rule 6 (expression -> expression FLOORDIVIDE expression .)
    AT              reduce using rule 6 (expression -> expression FLOORDIVIDE expression .)
    MODULO          reduce using rule 6 (expression -> expression FLOORDIVIDE expression .)
    AND             reduce using rule 6 (expression -> expression FLOORDIVIDE expression .)
    OR              reduce using rule 6 (expression -> expression FLOORDIVIDE expression .)
    IN              reduce using rule 6 (expression -> expression FLOORDIVIDE expression .)
    NOT             reduce using rule 6 (expression -> expression FLOORDIVIDE expression .)
    EQUALTO         reduce using rule 6 (expression -> expression FLOORDIVIDE expression .)
    NOTEQUALTO      reduce using rule 6 (expression -> expression FLOORDIVIDE expression .)
    GREATERTHAN     reduce using rule 6 (expression -> expression FLOORDIVIDE expression .)
    LESSTHAN        reduce using rule 6 (expression -> expression FLOORDIVIDE expression .)
    GREATERTHANEQUALTO reduce using rule 6 (expression -> expression FLOORDIVIDE expression .)
    LESSTHANEQUALTO reduce using rule 6 (expression -> expression FLOORDIVIDE expression .)
    $end            reduce using rule 6 (expression -> expression FLOORDIVIDE expression .)
    RPAREN          reduce using rule 6 (expression -> expression FLOORDIVIDE expression .)
    COMMA           reduce using rule 6 (expression -> expression FLOORDIVIDE expression .)
    RBRACKET        reduce using rule 6 (expression -> expression FLOORDIVIDE expression .)
    COLON           reduce using rule 6 (expression -> expression FLOORDIVIDE expression .)
    RBRACE          reduce using rule 6 (expression -> expression FLOORDIVIDE expression .)
    POWER           shift and go to state 27
    LBRACKET        shift and go to state 28
    DOT             shift and go to state 29

  ! POWER           [ reduce using rule 6 (expression -> expression FLOORDIVIDE expression .) ]
  ! LBRACKET        [ reduce using rule 6 (expression -> expression FLOORDIVIDE expression .) ]
  ! DOT             [ reduce using rule 6 (expression -> expression FLOORDIVIDE expression .) ]
  ! PLUS            [ shift and go to state 20 ]
  ! MINUS           [ shift and go to state 21 ]
  ! DIVIDE          [ shift and go to state 22 ]
  ! FLOORDIVIDE     [ shift and go to state 23 ]
  ! MULTIPLY        [ shift and go to state 24 ]
  ! AT              [ shift and go to state 25 ]
  ! MODULO          [ shift and go to state 26 ]
  ! AND             [ shift and go to state 30 ]
  ! OR              [ shift and go to state 31 ]
  ! IN              [ shift and go to state 32 ]
  ! NOT             [ shift and go to state 33 ]
  ! EQUALTO         [ shift and go to state 34 ]
  ! NOTEQUALTO      [ shift and go to state 35 ]
  ! GREATERTHAN     [ shift and go to state 36 ]
  ! LESSTHAN        [ shift and go to state 37 ]
  ! GREATERTHANEQUALTO [ shift and go to state 38 ]
  ! LESSTHANEQUALTO [ shift and go to state 39 ]


state 62

    (7) expression -> expression MULTIPLY expression .
    (3) expression -> expression . PLUS expression
    (4) expression -> expression . MINUS expression
    (5) expression -> expression . DIVIDE expression
    (6) expression -> expression . FLOORDIVIDE expression
    (7) expression -> expression . MULTIPLY expression
    (8) expression -> expression . AT expression
    (9) expression -> expression . MODULO expression
    (10) expression -> expression . POWER expression
    (27) expression -> expression . LBRACKET expression RBRACKET
    (28) expression -> expression . LBRACKET optional_expression COLON optional_expression RBRACKET
    (37) expression -> expression . DOT NAME LPAREN optional_arguments RPAREN
    (38) expression -> expression . DOT NAME
    (39) expression -> expression . AND expression
    (40) expression -> expression . OR expression
    (42) expression -> expression . IN expression
    (43) expression -> expression . NOT IN expression
    (44) expression -> expression . EQUALTO expression
    (45) expression -> expression . NOTEQUALTO expression
    (46) expression -> expression . GREATERTHAN expression
    (47) expression -> expression . LESSTHAN expression
    (48) expression -> expression . GREATERTHANEQUALTO expression
    (49) expression -> expression . LESSTHANEQUALTO expression

    PLUS            reduce using rule 7 (expression -> expression MULTIPLY expression .)
    MINUS           reduce using rule 7 (expression -> expression MULTIPLY expression .)
    DIVIDE          reduce using rule 7 (expression -> expression MULTIPLY expression .)
    FLOORDIVIDE     reduce using rule 7 (expression -> expression MULTIPLY expression .)
    MULTIPLY        reduce using rule 7 (expression -> expression MULTIPLY expression .)
    AT              reduce using rule 7 (expression -> expression MULTIPLY expression .)
    MODULO          reduce using rule 7 (expression -> expression MULTIPLY expression .)
    AND             reduce using rule 7 (expression -> expression MULTIPLY expression .)
    OR              reduce using rule 7 (expression -> expression MULTIPLY expression .)
    IN              reduce using rule 7 (expression -> expression MULTIPLY expression .)
    NOT             reduce using rule 7 (expression -> expression MULTIPLY expression .)
    EQUALTO         reduce using rule 7 (expression -> expression MULTIPLY expression .)
    NOTEQUALTO      reduce using rule 7 (expression -> expression MULTIPLY expression .)
    GREATERTHAN     reduce using rule 7 (expression -> expression MULTIPLY expression .)
    LESSTHAN        reduce using rule 7 (expression -> expression MULTIPLY expression .)
    GREATERTHANEQUALTO reduce using rule 7 (expression -> expression MULTIPLY expression .)
    LESSTHANEQUALTO reduce using rule 7 (expression -> expression MULTIPLY expression .)
    $end            reduce using rule 7 (expression -> expression MULTIPLY expression .)
    RPAREN          reduce using rule 7 (expression -> expression MULTIPLY expression .)
    COMMA           reduce using rule 7 (expression -> expression MULTIPLY expression .)
    RBRACKET        reduce using rule 7 (expression -> expression MULTIPLY expression .)
    COLON           reduce using rule 7 (expression -> expression MULTIPLY expression .)
    RBRACE          reduce using rule 7 (expression -> expression MULTIPLY expression .)
    POWER           shift and go to state 27
    LBRACKET        shift and go to state 28
    DOT             shift and go to state 29

  ! POWER           [ reduce using rule 7 (expression -> expression MULTIPLY expression .) ]
  ! LBRACKET        [ reduce using rule 7 (expression -> expression MULTIPLY expression .) ]
  ! DOT             [ reduce using rule 7 (expression -> expression MULTIPLY expression .) ]
  ! PLUS            [ shift and go to state 20 ]
  ! MINUS           [ shift and go to state 21 ]
  ! DIVIDE          [ shift and go to state 22 ]
  ! FLOORDIVIDE     [ shift and go to state 23 ]
  ! MULTIPLY        [ shift and go to state 24 ]
  ! AT              [ shift and go to state 25 ]
  ! MODULO          [ shift and go to state 26 ]
  ! AND             [ shift and go to state 30 ]
  ! OR              [ shift and go to state 31 ]
  ! IN              [ shift and go to state 32 ]
  ! NOT             [ shift and go to state 33 ]
  ! EQUALTO         [ shift and go to state 34 ]
  ! NOTEQUALTO      [ shift and go to state 35 ]
  ! GREATERTHAN     [ shift and go to state 36 ]
  ! LESSTHAN        [ shift and go to state 37 ]
  ! GREATERTHANEQUALTO [ shift and go to state 38 ]
  ! LESSTHANEQUALTO [ shift and go to state 39 ]


state 63

    (8) expression -> expression AT expression .
    (3) expression -> expression . PLUS expression
    (4) expression -> expression . MINUS expression
    (5) expression -> expression . DIVIDE expression
    (6) expression -> expression . FLOORDIVIDE expression
    (7) expression -> expression . MULTIPLY expression
    (8) expression -> expression . AT expression
    (9) expression -> expression . MODULO expression
    (10) expression -> expression . POWER expression
    (27) expression -> expression . LBRACKET expression RBRACKET
    (28) expression -> expression . LBRACKET optional_expression COLON optional_expression RBRACKET
    (37) expression -> expression . DOT NAME LPAREN optional_arguments RPAREN
    (38) expression -> expression . DOT NAME
    (39) expression -> expression . AND expression
    (40) expression -> expression . OR expression
    (42) expression -> expression . IN expression
    (43) expression -> expression . NOT IN expression
    (44) expression -> expression . EQUALTO expression
    (45) expression -> expression . NOTEQUALTO expression
    (46) expression -> expression . GREATERTHAN expression
    (47) expression -> expression . LESSTHAN expression
    (48) expression -> expression . GREATERTHANEQUALTO expression
    (49) expression -> expression . LESSTHANEQUALTO expression

    PLUS            reduce using rule 8 (expression -> expression AT expression .)
    MINUS           reduce using rule 8 (expression -> expression AT expression .)
    DIVIDE          reduce using rule 8 (expression -> expression AT expression .)
    FLOORDIVIDE     reduce using rule 8 (expression -> expression AT expression .)
    MULTIPLY        reduce using rule 8 (expression -> expression AT expression .)
    AT              reduce using rule 8 (expression -> expression AT expression .)
    MODULO          reduce using rule 8 (expression -> expression AT expression .)
    AND             reduce using rule 8 (expression -> expression AT expression .)
    OR              reduce using rule 8 (expression -> expression AT expression .)
    IN              reduce using rule 8 (expression -> expression AT expression .)
    NOT             reduce using rule 8 (expression -> expression AT expression .)
    EQUALTO         reduce using rule 8 (expression -> expression AT expression .)
    NOTEQUALTO      reduce using rule 8 (expression -> expression AT expression .)
    GREATERTHAN     reduce using rule 8 (expression -> expression AT expression .)
    LESSTHAN        reduce using rule 8 (expression -> expression AT expression .)
    GREATERTHANEQUALTO reduce using rule 8 (expression -> expression AT expression .)
    LESSTHANEQUALTO reduce using rule 8 (expression -> expression AT expression .)
    $end            reduce using rule 8 (expression -> expression AT expression .)
    RPAREN          reduce using rule 8 (expression -> expression AT expression .)
    COMMA           reduce using rule 8 (expression -> expression AT expression .)
    RBRACKET        reduce using rule 8 (expression -> expression AT expression .)
    COLON           reduce using rule 8 (expression -> expression AT expression .)
    RBRACE          reduce using rule 8 (expression -> expression AT expression .)
    POWER           shift and go to state 27
    LBRACKET        shift and go to state 28
    DOT             shift and go to state 29

  ! POWER           [ reduce using rule 8 (expression -> expression AT expression .) ]
  ! LBRACKET        [ reduce using rule 8 (expression -> expression AT expression .) ]
  ! DOT             [ reduce using rule 8 (expression -> expression AT expression .) ]
  ! PLUS            [ shift and go to state 20 ]
  ! MINUS           [ shift and go to state 21 ]
  ! DIVIDE          [ shift and go to state 22 ]
  ! FLOORDIVIDE     [ shift and go to state 23 ]
  ! MULTIPLY        [ shift and go to state 24 ]
  ! AT              [ shift and go to state 25 ]
  ! MODULO          [ shift and go to state 26 ]
  ! AND             [ shift and go to state 30 ]
  ! OR              [ shift and go to state 31 ]
  ! IN              [ shift and go to state 32 ]
  ! NOT             [ shift and go to state 33 ]
  ! EQUALTO         [ shift and go to state 34 ]
  ! NOTEQUALTO      [ shift and go to state 35 ]
  ! GREATERTHAN     [ shift and go to state 36 ]
  ! LESSTHAN        [ shift and go to state 37 ]
  ! GREATERTHANEQUALTO [ shift and go to state 38 ]
  ! LESSTHANEQUALTO [ shift and go to state 39 ]


state 64

    (9) expression -> expression MODULO expression .
    (3) expression -> expression . PLUS expression
    (4) expression -> expression . MINUS expression
    (5) expression -> expression . DIVIDE expression
    (6) expression -> expression . FLOORDIVIDE expression
    (7) expression -> expression . MULTIPLY expression
    (8) expression -> expression . AT expression
    (9) expression -> expression . MODULO expression
    (10) expression -> expression . POWER expression
    (27) expression -> expression . LBRACKET expression RBRACKET
    (28) expression -> expression . LBRACKET optional_expression COLON optional_expression RBRACKET
    (37) expression -> expression . DOT NAME LPAREN optional_arguments RPAREN
    (38) expression -> expression . DOT NAME
    (39) expression -> expression . AND expression
    (40) expression -> expression . OR expression
    (42) expression -> expression . IN expression
    (43) expression -> expression . NOT IN expression
    (44) expression -> expression . EQUALTO expression
    (45) expression -> expression . NOTEQUALTO expression
    (46) expression -> expression . GREATERTHAN expression
    (47) expression -> expression . LESSTHAN expression
    (48) expression -> expression . GREATERTHANEQUALTO expression
    (49) expression -> expression . LESSTHANEQUALTO expression

    PLUS            reduce using rule 9 (expression -> expression MODULO expression .)
    MINUS           reduce using rule 9 (expression -> expression MODULO expression .)
    DIVIDE          reduce using rule 9 (expression -> expression MODULO expression .)
    FLOORDIVIDE     reduce using rule 9 (expression -> expression MODULO expression .)
    MULTIPLY        reduce using rule 9 (expression -> expression MODULO expression .)
    AT              reduce using rule 9 (expression -> expression MODULO expression .)
    MODULO          reduce using rule 9 (expression -> expression MODULO expression .)
    AND             reduce using rule 9 (expression -> expression MODULO expression .)
    OR              reduce using rule 9 (expression -> expression MODULO expression .)
    IN              reduce using rule 9 (expression -> expression MODULO expression .)
    NOT             reduce using rule 9 (expression -> expression MODULO expression .)
    EQUALTO         reduce using rule 9 (expression -> expression MODULO expression .)
    NOTEQUALTO      reduce using rule 9 (expression -> expression MODULO expression .)
    GREATERTHAN     reduce using rule 9 (expression -> expression MODULO expression .)
    LESSTHAN        reduce using rule 9 (expression -> expression MODULO expression .)
    GREATERTHANEQUALTO reduce using rule 9 (expression -> expression MODULO expression .)
    LESSTHANEQUALTO reduce using rule 9 (expression -> expression MODULO expression .)
    $end            reduce using rule 9 (expression -> expression MODULO expression .)
    RPAREN          reduce using rule 9 (expression -> expression MODULO expression .)
    COMMA           reduce using rule 9 (expression -> expression MODULO expression .)
    RBRACKET        reduce using rule 9 (expression -> expression MODULO expression .)
    COLON           reduce using rule 9 (expression -> expression MODULO expression .)
    RBRACE          reduce using rule 9 (expression -> expression MODULO expression .)
    POWER           shift and go to state 27
    LBRACKET        shift and go to state 28
    DOT             shift and go to state 29

  ! POWER           [ reduce using rule 9 (expression -> expression MODULO expression .) ]
  ! LBRACKET        [ reduce using rule 9 (expression -> expression MODULO expression .) ]
  ! DOT             [ reduce using rule 9 (expression -> expression MODULO expression .) ]
  ! PLUS            [ shift and go to state 20 ]
  ! MINUS           [ shift and go to state 21 ]
  ! DIVIDE          [ shift and go to state 22 ]
  ! FLOORDIVIDE     [ shift and go to state 23 ]
  ! MULTIPLY        [ shift and go to state 24 ]
  ! AT              [ shift and go to state 25 ]
  ! MODULO          [ shift and go to state 26 ]
  ! AND             [ shift and go to state 30 ]
  ! OR              [ shift and go to state 31 ]
  ! IN              [ shift and go to state 32 ]
  ! NOT             [ shift and go to state 33 ]
  ! EQUALTO         [ shift and go to state 34 ]
  ! NOTEQUALTO      [ shift and go to state 35 ]
  ! GREATERTHAN     [ shift and go to state 36 ]
  ! LESSTHAN        [ shift and go to state 37 ]
  ! GREATERTHANEQUALTO [ shift and go to state 38 ]
  ! LESSTHANEQUALTO [ shift and go to state 39 ]


state 65

    (10) expression -> expression POWER expression .
    (3) expression -> expression . PLUS expression
    (4) expression -> expression . MINUS expression
    (5) expression -> expression . DIVIDE expression
    (6) expression -> expression . FLOORDIVIDE expression
    (7) expression -> expression . MULTIPLY expression
    (8) expression -> expression . AT expression
    (9) expression -> expression . MODULO expression
    (10) expression -> expression . POWER expression
    (27) expression -> expression . LBRACKET expression RBRACKET
    (28) expression -> expression . LBRACKET optional_expression COLON optional_expression RBRACKET
    (37) expression -> expression . DOT NAME LPAREN optional_arguments RPAREN
    (38) expression -> expression . DOT NAME
    (39) expression -> expression . AND expression
    (40) expression -> expression . OR expression
    (42) expression -> expression . IN expression
    (43) expression -> expression . NOT IN expression
    (44) expression -> expression . EQUALTO expression
    (45) expression -> expression . NOTEQUALTO expression
    (46) expression -> expression . GREATERTHAN expression
    (47) expression -> expression . LESSTHAN expression
    (48) expression -> expression . GREATERTHANEQUALTO expression
    (49) expression -> expression . LESSTHANEQUALTO expression

    PLUS            reduce using rule 10 (expression -> expression POWER expression .)
    MINUS           reduce using rule 10 (expression -> expression POWER expression .)
    DIVIDE          reduce using rule 10 (expression -> expression POWER expression .)
    FLOORDIVIDE     reduce using rule 10 (expression -> expression POWER expression .)
    MULTIPLY        reduce using rule 10 (expression -> expression POWER expression .)
    AT              reduce using rule 10 (expression -> expression POWER expression .)
    MODULO          reduce using rule 10 (expression -> expression POWER expression .)
    AND             reduce using rule 10 (expression -> expression POWER expression .)
    OR              reduce using rule 10 (expression -> expression POWER expression .)
    IN              reduce using rule 10 (expression -> expression POWER expression .)
    NOT             reduce using rule 10 (expression -> expression POWER expression .)
    EQUALTO         reduce using rule 10 (expression -> expression POWER expression .)
    NOTEQUALTO      reduce using rule 10 (expression -> expression POWER expression .)
    GREATERTHAN     reduce using rule 10 (expression -> expression POWER expression .)
    LESSTHAN        reduce using rule 10 (expression -> expression POWER expression .)
    GREATERTHANEQUALTO reduce using rule 10 (expression -> expression POWER expression .)
    LESSTHANEQUALTO reduce using rule 10 (expression -> expression POWER expression .)
    $end            reduce using rule 10 (expression -> expression POWER expression .)
    RPAREN          reduce using rule 10 (expression -> expression POWER expression .)
    COMMA           reduce using rule 10 (expression -> expression POWER expression .)
    RBRACKET        reduce using rule 10 (expression -> expression POWER expression .)
    COLON           reduce using rule 10 (expression -> expression POWER expression .)
    RBRACE          reduce using rule 10 (expression -> expression POWER expression .)
    POWER           shift and go to state 27
    LBRACKET        shift and go to state 28
    DOT             shift and go to state 29

  ! POWER           [ reduce using rule 10 (expression -> expression POWER expression .) ]
  ! LBRACKET        [ reduce using rule 10 (expression -> expression POWER expression .) ]
  ! DOT             [ reduce using rule 10 (expression -> expression POWER expression .) ]
  ! PLUS            [ shift and go to state 20 ]
  ! MINUS           [ shift and go to state 21 ]
  ! DIVIDE          [ shift and go to state 22 ]
  ! FLOORDIVIDE     [ shift and go to state 23 ]
  ! MULTIPLY        [ shift and go to state 24 ]
  ! AT              [ shift and go to state 25 ]
  ! MODULO          [ shift and go to state 26 ]
  ! AND             [ shift and go to state 30 ]
  ! OR              [ shift and go to state 31 ]
  ! IN              [ shift and go to state 32 ]
  ! NOT             [ shift and go to state 33 ]
  ! EQUALTO         [ shift and go to state 34 ]
  ! NOTEQUALTO      [ shift and go to state 35 ]
  ! GREATERTHAN     [ shift and go to state 36 ]
  ! LESSTHAN        [ shift and go to state 37 ]
  ! GREATERTHANEQUALTO [ shift and go to state 38 ]
  ! LESSTHANEQUALTO [ shift and go to state 39 ]


state 66

    (27) expression -> expression LBRACKET expression . RBRACKET
    (3) expression -> expression . PLUS expression
    (4) expression -> expression . MINUS expression
    (5) expression -> expression . DIVIDE expression
    (6) expression -> expression . FLOORDIVIDE expression
    (7) expression -> expression . MULTIPLY expression
    (8) expression -> expression . AT expression
    (9) expression -> expression . MODULO expression
    (10) expression -> expression . POWER expression
    (27) expression -> expression . LBRACKET expression RBRACKET
    (28) expression -> expression . LBRACKET optional_expression COLON optional_expression RBRACKET
    (37) expression -> expression . DOT NAME LPAREN optional_arguments RPAREN
    (38) expression -> expression . DOT NAME
    (39) expression -> expression . AND expression
    (40) expression -> expression . OR expression
    (42) expression -> expression . IN expression
    (43) expression -> expression . NOT IN expression
    (44) expression -> expression . EQUALTO expression
    (45) expression -> expression . NOTEQUALTO expression
    (46) expression -> expression . GREATERTHAN expression
    (47) expression -> expression . LESSTHAN expression
    (48) expression -> expression . GREATERTHANEQUALTO expression
    (49) expression -> expression . LESSTHANEQUALTO expression
    (30) optional_expression -> expression .

    RBRACKET        shift and go to state 94
    PLUS            shift and go to state 20
    MINUS           shift and go to state 21
    DIVIDE          shift and go to state 22
    FLOORDIVIDE     shift and go to state 23
    MULTIPLY        shift and go to state 24
    AT              shift and go to state 25
    MODULO          shift and go to state 26
    POWER           shift and go to state 27
    LBRACKET        shift and go to state 28
    DOT             shift and go to state 29
    AND             shift and go to state 30
    OR              shift and go to state 31
    IN              shift and go to state 32
    NOT             shift and go to state 33
    EQUALTO         shift and go to state 34
    NOTEQUALTO      shift and go to state 35
    GREATERTHAN     shift and go to state 36
    LESSTHAN        shift and go to state 37
    GREATERTHANEQUALTO shift and go to state 38
    LESSTHANEQUALTO shift and go to state 39
    COLON           reduce using rule 30 (optional_expression -> expression .)


state 67

    (28) expression -> expression LBRACKET optional_expression . COLON optional_expression RBRACKET

    COLON           shift and go to state 95


state 68

    (37) expression -> expression DOT NAME . LPAREN optional_arguments RPAREN
    (38) expression -> expression DOT NAME .

    LPAREN          shift and go to state 96
    PLUS            reduce using rule 38 (expression -> expression DOT NAME .)
    MINUS           reduce using rule 38 (expression -> expression DOT NAME .)
    DIVIDE          reduce using rule 38 (expression -> expression DOT NAME .)
    FLOORDIVIDE     reduce using rule 38 (expression -> expression DOT NAME .)
    MULTIPLY        reduce using rule 38 (expression -> expression DOT NAME .)
    AT              reduce using rule 38 (expression -> expression DOT NAME .)
    MODULO          reduce using rule 38 (expression -> expression DOT NAME .)
    POWER           reduce using rule 38 (expression -> expression DOT NAME .)
    LBRACKET        reduce using rule 38 (expression -> expression DOT NAME .)
    DOT             reduce using rule 38 (expression -> expression DOT NAME .)
    AND             reduce using rule 38 (expression -> expression DOT NAME .)
    OR              reduce using rule 38 (expression -> expression DOT NAME .)
    IN              reduce using rule 38 (expression -> expression DOT NAME .)
    NOT             reduce using rule 38 (expression -> expression DOT NAME .)
    EQUALTO         reduce using rule 38 (expression -> expression DOT NAME .)
    NOTEQUALTO      reduce using rule 38 (expression -> expression DOT NAME .)
    GREATERTHAN     reduce using rule 38 (expression -> expression DOT NAME .)
    LESSTHAN        reduce using rule 38 (expression -> expression DOT NAME .)
    GREATERTHANEQUALTO reduce using rule 38 (expression -> expression DOT NAME .)
    LESSTHANEQUALTO reduce using rule 38 (expression -> expression DOT NAME .)
    $end            reduce using rule 38 (expression -> expression DOT NAME .)
    RPAREN          reduce using rule 38 (expression -> expression DOT NAME .)
    COMMA           reduce using rule 38 (expression -> expression DOT NAME .)
    RBRACKET        reduce using rule 38 (expression -> expression DOT NAME .)
    COLON           reduce using rule 38 (expression -> expression DOT NAME .)
    RBRACE          reduce using rule 38 (expression -> expression DOT NAME .)


state 69

    (39) expression -> expression AND expression .
    (3) expression -> expression . PLUS expression
    (4) expression -> expression . MINUS expression
    (5) expression -> expression . DIVIDE expression
    (6) expression -> expression . FLOORDIVIDE expression
    (7) expression -> expression . MULTIPLY expression
    (8) expression -> expression . AT expression
    (9) expression -> expression . MODULO expression
    (10) expression -> expression . POWER expression
    (27) expression -> expression . LBRACKET expression RBRACKET
    (28) expression -> expression . LBRACKET optional_expression COLON optional_expression RBRACKET
    (37) expression -> expression . DOT NAME LPAREN optional_arguments RPAREN
    (38) expression -> expression . DOT NAME
    (39) expression -> expression . AND expression
    (40) expression -> expression . OR expression
    (42) expression -> expression . IN expression
    (43) expression -> expression . NOT IN expression
    (44) expression -> expression . EQUALTO expression
    (45) expression -> expression . NOTEQUALTO expression
    (46) expression -> expression . GREATERTHAN expression
    (47) expression -> expression . LESSTHAN expression
    (48) expression -> expression . GREATERTHANEQUALTO expression
    (49) expression -> expression . LESSTHANEQUALTO expression

    AND             reduce using rule 39 (expression -> expression AND expression .)
    OR              reduce using rule 39 (expression -> expression AND expression .)
    $end            reduce using rule 39 (expression -> expression AND expression .)
    RPAREN          reduce using rule 39 (expression -> expression AND expression .)
    COMMA           reduce using rule 39 (expression -> expression AND expression .)
    RBRACKET        reduce using rule 39 (expression -> expression AND expression .)
    COLON           reduce using rule 39 (expression -> expression AND expression .)
    RBRACE          reduce using rule 39 (expression -> expression AND expression .)
    PLUS            shift and go to state 20
    MINUS           shift and go to state 21
    DIVIDE          shift and go to state 22
    FLOORDIVIDE     shift and go to state 23
    MULTIPLY        shift and go to state 24
    AT              shift and go to state 25
    MODULO          shift and go to state 26
    POWER           shift and go to state 27
    LBRACKET        shift and go to state 28
    DOT             shift and go to state 29
    IN              shift and go to state 32
    NOT             shift and go to state 33
    EQUALTO         shift and go to state 34
    NOTEQUALTO      shift and go to state 35
    GREATERTHAN     shift and go to state 36
    LESSTHAN        shift and go to state 37
    GREATERTHANEQUALTO shift and go to state 38
    LESSTHANEQUALTO shift and go to state 39

  ! PLUS            [ reduce using rule 39 (expression -> expression AND expression .) ]
  ! MINUS           [ reduce using rule 39 (expression -> expression AND expression .) ]
  ! DIVIDE          [ reduce using rule 39 (expression -> expression AND expression .) ]
  ! FLOORDIVIDE     [ reduce using rule 39 (expression -> expression AND expression .) ]
  ! MULTIPLY        [ reduce using rule 39 (expression -> expression AND expression .) ]
  ! AT              [ reduce using rule 39 (expression -> expression AND expression .) ]
  ! MODULO          [ reduce using rule 39 (expression -> expression AND expression .) ]
  ! POWER           [ reduce using rule 39 (expression -> expression AND expression .) ]
  ! LBRACKET        [ reduce using rule 39 (expression -> expression AND expression .) ]
  ! DOT             [ reduce using rule 39 (expression -> expression AND expression .) ]
  ! IN              [ reduce using rule 39 (expression -> expression AND expression .) ]
  ! NOT             [ reduce using rule 39 (expression -> expression AND expression .) ]
  ! EQUALTO         [ reduce using rule 39 (expression -> expression AND expression .) ]
  ! NOTEQUALTO      [ reduce using rule 39 (expression -> expression AND expression .) ]
  ! GREATERTHAN     [ reduce using rule 39 (expression -> expression AND expression .) ]
  ! LESSTHAN        [ reduce using rule 39 (expression -> expression AND expression .) ]
  ! GREATERTHANEQUALTO [ reduce using rule 39 (expression -> expression AND expression .) ]
  ! LESSTHANEQUALTO [ reduce using rule 39 (expression -> expression AND expression .) ]
  ! AND             [ shift and go to state 30 ]
  ! OR              [ shift and go to state 31 ]


state 70

    (40) expression -> expression OR expression .
    (3) expression -> expression . PLUS expression
    (4) expression -> expression . MINUS expression
    (5) expression -> expression . DIVIDE expression
    (6) expression -> expression . FLOORDIVIDE expression
    (7) expression -> expression . MULTIPLY expression
    (8) expression -> expression . AT expression
    (9) expression -> expression . MODULO expression
    (10) expression -> expression . POWER expression
    (27) expression -> expression . LBRACKET expression RBRACKET
    (28) expression -> expression . LBRACKET optional_expression COLON optional_expression RBRACKET
    (37) expression -> expression . DOT NAME LPAREN optional_arguments RPAREN
    (38) expression -> expression . DOT NAME
    (39) expression -> expression . AND expression
    (40) expression -> expression . OR expression
    (42) expression -> expression . IN expression
    (43) expression -> expression . NOT IN expression
    (44) expression -> expression . EQUALTO expression
    (45) expression -> expression . NOTEQUALTO expression
    (46) expression -> expression . GREATERTHAN expression
    (47) expression -> expression . LESSTHAN expression
    (48) expression -> expression . GREATERTHANEQUALTO expression
    (49) expression -> expression . LESSTHANEQUALTO expression

    OR              reduce using rule 40 (expression -> expression OR expression .)
    $end            reduce using rule 40 (expression -> expression OR expression .)
    RPAREN          reduce using rule 40 (expression -> expression OR expression .)
    COMMA           reduce using rule 40 (expression -> expression OR expression .)
    RBRACKET        reduce using rule 40 (expression -> expression OR expression .)
    COLON           reduce using rule 40 (expression -> expression OR expression .)
    RBRACE          reduce using rule 40 (expression -> expression OR expression .)
    PLUS            shift and go to state 20
    MINUS           shift and go to state 21
    DIVIDE          shift and go to state 22
    FLOORDIVIDE     shift and go to state 23
    MULTIPLY        shift and go to state 24
    AT              shift and go to state 25
    MODULO          shift and go to state 26
    POWER           shift and go to state 27
    LBRACKET        shift and go to state 28
    DOT             shift and go to state 29
    AND             shift and go to state 30
    IN              shift and go to state 32
    NOT             shift and go to state 33
    EQUALTO         shift and go to state 34
    NOTEQUALTO      shift and go to state 35
    GREATERTHAN     shift and go to state 36
    LESSTHAN        shift and go to state 37
    GREATERTHANEQUALTO shift and go to state 38
    LESSTHANEQUALTO shift and go to state 39

  ! PLUS            [ reduce using rule 40 (expression -> expression OR expression .) ]
  ! MINUS           [ reduce using rule 40 (expression -> expression OR expression .) ]
  ! DIVIDE          [ reduce using rule 40 (expression -> expression OR expression .) ]
  ! FLOORDIVIDE     [ reduce using rule 40 (expression -> expression OR expression .) ]
  ! MULTIPLY        [ reduce using rule 40 (expression -> expression OR expression .) ]
  ! AT              [ reduce using rule 40 (expression -> expression OR expression .) ]
  ! MODULO          [ reduce using rule 40 (expression -> expression OR expression .) ]
  ! POWER           [ reduce using rule 40 (expression -> expression OR expression .) ]
  ! LBRACKET        [ reduce using rule 40 (expression -> expression OR expression .) ]
  ! DOT             [ reduce using rule 40 (expression -> expression OR expression .) ]
  ! AND             [ reduce using rule 40 (expression -> expression OR expression .) ]
  ! IN              [ reduce using rule 40 (expression -> expression OR expression .) ]
  ! NOT             [ reduce using rule 40 (expression -> expression OR expression .) ]
  ! EQUALTO         [ reduce using rule 40 (expression -> expression OR expression .) ]
  ! NOTEQUALTO      [ reduce using rule 40 (expression -> expression OR expression .) ]
  ! GREATERTHAN     [ reduce using rule 40 (expression -> expression OR expression .) ]
  ! LESSTHAN        [ reduce using rule 40 (expression -> expression OR expression .) ]
  ! GREATERTHANEQUALTO [ reduce using rule 40 (expression -> expression OR expression .) ]
  ! LESSTHANEQUALTO [ reduce using rule 40 (expression -> expression OR expression .) ]
  ! OR              [ shift and go to state 31 ]


state 71

    (42) expression -> expression IN expression .
    (3) expression -> expression . PLUS expression
    (4) expression -> expression . MINUS expression
    (5) expression -> expression . DIVIDE expression
    (6) expression -> expression . FLOORDIVIDE expression
    (7) expression -> expression . MULTIPLY expression
    (8) expression -> expression . AT expression
    (9) expression -> expression . MODULO expression
    (10) expression -> expression . POWER expression
    (27) expression -> expression . LBRACKET expression RBRACKET
    (28) expression -> expression . LBRACKET optional_expression COLON optional_expression RBRACKET
    (37) expression -> expression . DOT NAME LPAREN optional_arguments RPAREN
    (38) expression -> expression . DOT NAME
    (39) expression -> expression . AND expression
    (40) expression -> expression . OR expression
    (42) expression -> expression . IN expression
    (43) expression -> expression . NOT IN expression
    (44) expression -> expression . EQUALTO expression
    (45) expression -> expression . NOTEQUALTO expression
    (46) expression -> expression . GREATERTHAN expression
    (47) expression -> expression . LESSTHAN expression
    (48) expression -> expression . GREATERTHANEQUALTO expression
    (49) expression -> expression . LESSTHANEQUALTO expression

    AND             reduce using rule 42 (expression -> expression IN expression .)
    OR              reduce using rule 42 (expression -> expression IN expression .)
    IN              reduce using rule 42 (expression -> expression IN expression .)
    NOT             reduce using rule 42 (expression -> expression IN expression .)
    EQUALTO         reduce using rule 42 (expression -> expression IN expression .)
    NOTEQUALTO      reduce using rule 42 (expression -> expression IN expression .)
    $end            reduce using rule 42 (expression -> expression IN expression .)
    RPAREN          reduce using rule 42 (expression -> expression IN expression .)
    COMMA           reduce using rule 42 (expression -> expression IN expression .)
    RBRACKET        reduce using rule 42 (expression -> expression IN expression .)
    COLON           reduce using rule 42 (expression -> expression IN expression .)
    RBRACE          reduce using rule 42 (expression -> expression IN expression .)
    PLUS            shift and go to state 20
    MINUS           shift and go to state 21
    DIVIDE          shift and go to state 22
    FLOORDIVIDE     shift and go to state 23
    MULTIPLY        shift and go to state 24
    AT              shift and go to state 25
    MODULO          shift and go to state 26
    POWER           shift and go to state 27
    LBRACKET        shift and go to state 28
    DOT             shift and go to state 29
    GREATERTHAN     shift and go to state 36
    LESSTHAN        shift and go to state 37
    GREATERTHANEQUALTO shift and go to state 38
    LESSTHANEQUALTO shift and go to state 39

  ! PLUS            [ reduce using rule 42 (expression -> expression IN expression .) ]
  ! MINUS           [ reduce using rule 42 (expression -> expression IN expression .) ]
  ! DIVIDE          [ reduce using rule 42 (expression -> expression IN expression .) ]
  ! FLOORDIVIDE     [ reduce using rule 42 (expression -> expression IN expression .) ]
  ! MULTIPLY        [ reduce using rule 42 (expression -> expression IN expression .) ]
  ! AT              [ reduce using rule 42 (expression -> expression IN expression .) ]
  ! MODULO          [ reduce using rule 42 (expression -> expression IN expression .) ]
  ! POWER           [ reduce using rule 42 (expression -> expression IN expression .) ]
  ! LBRACKET        [ reduce using rule 42 (expression -> expression IN expression .) ]
  ! DOT             [ reduce using rule 42 (expression -> expression IN expression .) ]
  ! GREATERTHAN     [ reduce using rule 42 (expression -> expression IN expression .) ]
  ! LESSTHAN        [ reduce using rule 42 (expression -> expression IN expression .) ]
  ! GREATERTHANEQUALTO [ reduce using rule 42 (expression -> expression IN expression .) ]
  ! LESSTHANEQUALTO [ reduce using rule 42 (expression -> expression IN expression .) ]
  ! AND             [ shift and go to state 30 ]
  ! OR              [ shift and go to state 31 ]
  ! IN              [ shift and go to state 32 ]
  ! NOT             [ shift and go to state 33 ]
  ! EQUALTO         [ shift and go to state 34 ]
  ! NOTEQUALTO      [ shift and go to state 35 ]


state 72

    (43) expression -> expression NOT IN . expression
    (1) expression -> . NUMBER
    (2) expression -> . LPAREN expression RPAREN
    (3) expression -> . expression PLUS expression
    (4) expression -> . expression MINUS expression
    (5) expression -> . expression DIVIDE expression
    (6) expression -> . expression FLOORDIVIDE expression
    (7) expression -> . expression MULTIPLY expression
    (8) expression -> . expression AT expression
    (9) expression -> . expression MODULO expression
    (10) expression -> . expression POWER expression
    (11) expression -> . SQUAREROOT LPAREN expression RPAREN
    (12) expression -> . SINE LPAREN expression RPAREN
    (13) expression -> . COSINE LPAREN expression RPAREN
    (14) expression -> . TANGENT LPAREN expression RPAREN
    (15) expression -> . PI
    (16) expression -> . PRINT LPAREN expression RPAREN
    (17) expression -> . STRING
    (18) expression -> . NAME EQ expression
    (19) expression -> . NAME
    (20) expression -> . LBRACKET optional_arguments RBRACKET
    (21) expression -> . LBRACE RBRACE
    (22) expression -> . LBRACE dictionary_items RBRACE
    (23) expression -> . LBRACE dictionary_items COMMA RBRACE
    (27) expression -> . expression LBRACKET expression RBRACKET
    (28) expression -> . expression LBRACKET optional_expression COLON optional_expression RBRACKET
    (35) expression -> . NAME LPAREN optional_arguments RPAREN
    (36) expression -> . RANGE LPAREN optional_arguments RPAREN
    (37) expression -> . expression DOT NAME LPAREN optional_arguments RPAREN
    (38) expression -> . expression DOT NAME
    (39) expression -> . expression AND expression
    (40) expression -> . expression OR expression
    (41) expression -> . NOT expression
    (42) expression -> . expression IN expression
    (43) expression -> . expression NOT IN expression
    (44) expression -> . expression EQUALTO expression
    (45) expression -> . expression NOTEQUALTO expression
    (46) expression -> . expression GREATERTHAN expression
    (47) expression -> . expression LESSTHAN expression
    (48) expression -> . expression GREATERTHANEQUALTO expression
    (49) expression -> . expression LESSTHANEQUALTO expression
    (50) expression -> . TRUE
    (51) expression -> . FALSE
    (52) expression -> . NULL
    (53) expression -> . COND LPAREN expression RPAREN

    NUMBER          shift and go to state 2
    LPAREN          shift and go to state 3
    SQUAREROOT      shift and go to state 4
    SINE            shift and go to state 5
    COSINE          shift and go to state 6
    TANGENT         shift and go to state 7
    PI              shift and go to state 8
    PRINT           shift and go to state 9
    STRING          shift and go to state 10
    NAME            shift and go to state 11
    LBRACKET        shift and go to state 12
    LBRACE          shift and go to state 13
    RANGE           shift and go to state 14
    NOT             shift and go to state 15
    TRUE            shift and go to state 16
    FALSE           shift and go to state 17
    NULL            shift and go to state 18
    COND            shift and go to state 19

    expression                     shift and go to state 97

state 73

    (44) expression -> expression EQUALTO expression .
    (3) expression -> expression . PLUS expression
    (4) expression -> expression . MINUS expression
    (5) expression -> expression . DIVIDE expression
    (6) expression -> expression . FLOORDIVIDE expression
    (7) expression -> expression . MULTIPLY expression
    (8) expression -> expression . AT expression
    (9) expression -> expression . MODULO expression
    (10) expression -> expression . POWER expression
    (27) expression -> expression . LBRACKET expression RBRACKET
    (28) expression -> expression . LBRACKET optional_expression COLON optional_expression RBRACKET
    (37) expression -> expression . DOT NAME LPAREN optional_arguments RPAREN
    (38) expression -> expression . DOT NAME
    (39) expression -> expression . AND expression
    (40) expression -> expression . OR expression
    (42) expression -> expression . IN expression
    (43) expression -> expression . NOT IN expression
    (44) expression -> expression . EQUALTO expression
    (45) expression -> expression . NOTEQUALTO expression
    (46) expression -> expression . GREATERTHAN expression
    (47) expression -> expression . LESSTHAN expression
    (48) expression -> expression . GREATERTHANEQUALTO expression
    (49) expression -> expression . LESSTHANEQUALTO expression

    AND             reduce using rule 44 (expression -> expression EQUALTO expression .)
    OR              reduce using rule 44 (expression -> expression EQUALTO expression .)
    IN              reduce using rule 44 (expression -> expression EQUALTO expression .)
    NOT             reduce using rule 44 (expression -> expression EQUALTO expression .)
    EQUALTO         reduce using rule 44 (expression -> expression EQUALTO expression .)
    NOTEQUALTO      reduce using rule 44 (expression -> expression EQUALTO expression .)
    $end            reduce using rule 44 (expression -> expression EQUALTO expression .)
    RPAREN          reduce using rule 44 (expression -> expression EQUALTO expression .)
    COMMA           reduce using rule 44 (expression -> expression EQUALTO expression .)
    RBRACKET        reduce using rule 44 (expression -> expression EQUALTO expression .)
    COLON           reduce using rule 44 (expression -> expression EQUALTO expression .)
    RBRACE          reduce using rule 44 (expression -> expression EQUALTO expression .)
    PLUS            shift and go to state 20
    MINUS           shift and go to state 21
    DIVIDE          shift and go to state 22
    FLOORDIVIDE     shift and go to state 23
    MULTIPLY        shift and go to state 24
    AT              shift and go to state 25
    MODULO          shift and go to state 26
    POWER           shift and go to state 27
    LBRACKET        shift and go to state 28
    DOT             shift and go to state 29
    GREATERTHAN     shift and go to state 36
    LESSTHAN        shift and go to state 37
    GREATERTHANEQUALTO shift and go to state 38
    LESSTHANEQUALTO shift and go to state 39

  ! PLUS            [ reduce using rule 44 (expression -> expression EQUALTO expression .) ]
  ! MINUS           [ reduce using rule 44 (expression -> expression EQUALTO expression .) ]
  ! DIVIDE          [ reduce using rule 44 (expression -> expression EQUALTO expression .) ]
  ! FLOORDIVIDE     [ reduce using rule 44 (expression -> expression EQUALTO expression .) ]
  ! MULTIPLY        [ reduce using rule 44 (expression -> expression EQUALTO expression .) ]
  ! AT              [ reduce using rule 44 (expression -> expression EQUALTO expression .) ]
  ! MODULO          [ reduce using rule 44 (expression -> expression EQUALTO expression .) ]
  ! POWER           [ reduce using rule 44 (expression -> expression EQUALTO expression .) ]
  ! LBRACKET        [ reduce using rule 44 (expression -> expression EQUALTO expression .) ]
  ! DOT             [ reduce using rule 44 (expression -> expression EQUALTO expression .) ]
  ! GREATERTHAN     [ reduce using rule 44 (expression -> expression EQUALTO expression .) ]
  ! LESSTHAN        [ reduce using rule 44 (expression -> expression EQUALTO expression .) ]
  ! GREATERTHANEQUALTO [ reduce using rule 44 (expression -> expression EQUALTO expression .) ]
  ! LESSTHANEQUALTO [ reduce using rule 44 (expression -> expression EQUALTO expression .) ]
  ! AND             [ shift and go to state 30 ]
  ! OR              [ shift and go to state 31 ]
  ! IN              [ shift and go to state 32 ]
  ! NOT             [ shift and go to state 33 ]
  ! EQUALTO         [ shift and go to state 34 ]
  ! NOTEQUALTO      [ shift and go to state 35 ]


state 74

    (45) expression -> expression NOTEQUALTO expression .
    (3) expression -> expression . PLUS expression
    (4) expression -> expression . MINUS expression
    (5) expression -> expression . DIVIDE expression
    (6) expression -> expression . FLOORDIVIDE expression
    (7) expression -> expression . MULTIPLY expression
    (8) expression -> expression . AT expression
    (9) expression -> expression . MODULO expression
    (10) expression -> expression . POWER expression
    (27) expression -> expression . LBRACKET expression RBRACKET
    (28) expression -> expression . LBRACKET optional_expression COLON optional_expression RBRACKET
    (37) expression -> expression . DOT NAME LPAREN optional_arguments RPAREN
    (38) expression -> expression . DOT NAME
    (39) expression -> expression . AND expression
    (40) expression -> expression . OR expression
    (42) expression -> expression . IN expression
    (43) expression -> expression . NOT IN expression
    (44) expression -> expression . EQUALTO expression
    (45) expression -> expression . NOTEQUALTO expression
    (46) expression -> expression . GREATERTHAN expression
    (47) expression -> expression . LESSTHAN expression
    (48) expression -> expression . GREATERTHANEQUALTO expression
    (49) expression -> expression . LESSTHANEQUALTO expression

    AND             reduce using rule 45 (expression -> expression NOTEQUALTO expression .)
    OR              reduce using rule 45 (expression -> expression NOTEQUALTO expression .)
    IN              reduce using rule 45 (expression -> expression NOTEQUALTO expression .)
    NOT             reduce using rule 45 (expression -> expression NOTEQUALTO expression .)
    EQUALTO         reduce using rule 45 (expression -> expression NOTEQUALTO expression .)
    NOTEQUALTO      reduce using rule 45 (expression -> expression NOTEQUALTO expression .)
    $end            reduce using rule 45 (expression -> expression NOTEQUALTO expression .)
    RPAREN          reduce using rule 45 (expression -> expression NOTEQUALTO expression .)
    COMMA           reduce using rule 45 (expression -> expression NOTEQUALTO expression .)
    RBRACKET        reduce using rule 45 (expression -> expression NOTEQUALTO expression .)
    COLON           reduce using rule 45 (expression -> expression NOTEQUALTO expression .)
    RBRACE          reduce using rule 45 (expression -> expression NOTEQUALTO expression .)
    PLUS            shift and go to state 20
    MINUS           shift and go to state 21
    DIVIDE          shift and go to state 22
    FLOORDIVIDE     shift and go to state 23
    MULTIPLY        shift and go to state 24
    AT              shift and go to state 25
    MODULO          shift and go to state 26
    POWER           shift and go to state 27
    LBRACKET        shift and go to state 28
    DOT             shift and go to state 29
    GREATERTHAN     shift and go to state 36
    LESSTHAN        shift and go to state 37
    GREATERTHANEQUALTO shift and go to state 38
    LESSTHANEQUALTO shift and go to state 39

  ! PLUS            [ reduce using rule 45 (expression -> expression NOTEQUALTO expression .) ]
  ! MINUS           [ reduce using rule 45 (expression -> expression NOTEQUALTO expression .) ]
  ! DIVIDE          [ reduce using rule 45 (expression -> expression NOTEQUALTO expression .) ]
  ! FLOORDIVIDE     [ reduce using rule 45 (expression -> expression NOTEQUALTO expression .) ]
  ! MULTIPLY        [ reduce using rule 45 (expression -> expression NOTEQUALTO expression .) ]
  ! AT              [ reduce using rule 45 (expression -> expression NOTEQUALTO expression .) ]
  ! MODULO          [ reduce using rule 45 (expression -> expression NOTEQUALTO expression .) ]
  ! POWER           [ reduce using rule 45 (expression -> expression NOTEQUALTO expression .) ]
  ! LBRACKET        [ reduce using rule 45 (expression -> expression NOTEQUALTO expression .) ]
  ! DOT             [ reduce using rule 45 (expression -> expression NOTEQUALTO expression .) ]
  ! GREATERTHAN     [ reduce using rule 45 (expression -> expression NOTEQUALTO expression .) ]
  ! LESSTHAN        [ reduce using rule 45 (expression -> expression NOTEQUALTO expression .) ]
  ! GREATERTHANEQUALTO [ reduce using rule 45 (expression -> expression NOTEQUALTO expression .) ]
  ! LESSTHANEQUALTO [ reduce using rule 45 (expression -> expression NOTEQUALTO expression .) ]
  ! AND             [ shift and go to state 30 ]
  ! OR              [ shift and go to state 31 ]
  ! IN              [ shift and go to state 32 ]
  ! NOT             [ shift and go to state 33 ]
  ! EQUALTO         [ shift and go to state 34 ]
  ! NOTEQUALTO      [ shift and go to state 35 ]


state 75

    (46) expression -> expression GREATERTHAN expression .
    (3) expression -> expression . PLUS expression
    (4) expression -> expression . MINUS expression
    (5) expression -> expression . DIVIDE expression
    (6) expression -> expression . FLOORDIVIDE expression
    (7) expression -> expression . MULTIPLY expression
    (8) expression -> expression . AT expression
    (9) expression -> expression . MODULO expression
    (10) expression -> expression . POWER expression
    (27) expression -> expression . LBRACKET expression RBRACKET
    (28) expression -> expression . LBRACKET optional_expression COLON optional_expression RBRACKET
    (37) expression -> expression . DOT NAME LPAREN optional_arguments RPAREN
    (38) expression -> expression . DOT NAME
    (39) expression -> expression . AND expression
    (40) expression -> expression . OR expression
    (42) expression -> expression . IN expression
    (43) expression -> expression . NOT IN expression
    (44) expression -> expression . EQUALTO expression
    (45) expression -> expression . NOTEQUALTO expression
    (46) expression -> expression . GREATERTHAN expression
    (47) expression -> expression . LESSTHAN expression
    (48) expression -> expression . GREATERTHANEQUALTO expression
    (49) expression -> expression . LESSTHANEQUALTO expression

    AND             reduce using rule 46 (expression -> expression GREATERTHAN expression .)
    OR              reduce using rule 46 (expression -> expression GREATERTHAN expression .)
    IN              reduce using rule 46 (expression -> expression GREATERTHAN expression .)
    NOT             reduce using rule 46 (expression -> expression GREATERTHAN expression .)
    EQUALTO         reduce using rule 46 (expression -> expression GREATERTHAN expression .)
    NOTEQUALTO      reduce using rule 46 (expression -> expression GREATERTHAN expression .)
    GREATERTHAN     reduce using rule 46 (expression -> expression GREATERTHAN expression .)
    LESSTHAN        reduce using rule 46 (expression -> expression GREATERTHAN expression .)
    GREATERTHANEQUALTO reduce using rule 46 (expression -> expression GREATERTHAN expression .)
    LESSTHANEQUALTO reduce using rule 46 (expression -> expression GREATERTHAN expression .)
    $end            reduce using rule 46 (expression -> expression GREATERTHAN expression .)
    RPAREN          reduce using rule 46 (expression -> expression GREATERTHAN expression .)
    COMMA           reduce using rule 46 (expression -> expression GREATERTHAN expression .)
    RBRACKET        reduce using rule 46 (expression -> expression GREATERTHAN expression .)
    COLON           reduce using rule 46 (expression -> expression GREATERTHAN expression .)
    RBRACE          reduce using rule 46 (expression -> expression GREATERTHAN expression .)
    PLUS            shift and go to state 20
    MINUS           shift and go to state 21
    DIVIDE          shift and go to state 22
    FLOORDIVIDE     shift and go to state 23
    MULTIPLY        shift and go to state 24
    AT              shift and go to state 25
    MODULO          shift and go to state 26
    POWER           shift and go to state 27
    LBRACKET        shift and go to state 28
    DOT             shift and go to state 29

  ! PLUS            [ reduce using rule 46 (expression -> expression GREATERTHAN expression .) ]
  ! MINUS           [ reduce using rule 46 (expression -> expression GREATERTHAN expression .) ]
  ! DIVIDE          [ reduce using rule 46 (expression -> expression GREATERTHAN expression .) ]
  ! FLOORDIVIDE     [ reduce using rule 46 (expression -> expression GREATERTHAN expression .) ]
  ! MULTIPLY        [ reduce using rule 46 (expression -> expression GREATERTHAN expression .) ]
  ! AT              [ reduce using rule 46 (expression -> expression GREATERTHAN expression .) ]
  ! MODULO          [ reduce using rule 46 (expression -> expression GREATERTHAN expression .) ]
  ! POWER           [ reduce using rule 46 (expression -> expression GREATERTHAN expression .) ]
  ! LBRACKET        [ reduce using rule 46 (expression -> expression GREATERTHAN expression .) ]
  ! DOT             [ reduce using rule 46 (expression -> expression GREATERTHAN expression .) ]
  ! AND             [ shift and go to state 30 ]
  ! OR              [ shift and go to state 31 ]
  ! IN              [ shift and go to state 32 ]
  ! NOT             [ shift and go to state 33 ]
  ! EQUALTO         [ shift and go to state 34 ]
  ! NOTEQUALTO      [ shift and go to state 35 ]
  ! GREATERTHAN     [ shift and go to state 36 ]
  ! LESSTHAN        [ shift and go to state 37 ]
  ! GREATERTHANEQUALTO [ shift and go to state 38 ]
  ! LESSTHANEQUALTO [ shift and go to state 39 ]


state 76

    (47) expression -> expression LESSTHAN expression .
    (3) expression -> expression . PLUS expression
    (4) expression -> expression . MINUS expression
    (5) expression -> expression . DIVIDE expression
    (6) expression -> expression . FLOORDIVIDE expression
    (7) expression -> expression . MULTIPLY expression
    (8) expression -> expression . AT expression
    (9) expression -> expression . MODULO expression
    (10) expression -> expression . POWER expression
    (27) expression -> expression . LBRACKET expression RBRACKET
    (28) expression -> expression . LBRACKET optional_expression COLON optional_expression RBRACKET
    (37) expression -> expression . DOT NAME LPAREN optional_arguments RPAREN
    (38) expression -> expression . DOT NAME
    (39) expression -> expression . AND expression
    (40) expression -> expression . OR expression
    (42) expression -> expression . IN expression
    (43) expression -> expression . NOT IN expression
    (44) expression -> expression . EQUALTO expression
    (45) expression -> expression . NOTEQUALTO expression
    (46) expression -> expression . GREATERTHAN expression
    (47) expression -> expression . LESSTHAN expression
    (48) expression -> expression . GREATERTHANEQUALTO expression
    (49) expression -> expression . LESSTHANEQUALTO expression

    AND             reduce using rule 47 (expression -> expression LESSTHAN expression .)
    OR              reduce using rule 47 (expression -> expression LESSTHAN expression .)
    IN              reduce using rule 47 (expression -> expression LESSTHAN expression .)
    NOT             reduce using rule 47 (expression -> expression LESSTHAN expression .)
    EQUALTO         reduce using rule 47 (expression -> expression LESSTHAN expression .)
    NOTEQUALTO      reduce using rule 47 (expression -> expression LESSTHAN expression .)
    GREATERTHAN     reduce using rule 47 (expression -> expression LESSTHAN expression .)
    LESSTHAN        reduce using rule 47 (expression -> expression LESSTHAN expression .)
    GREATERTHANEQUALTO reduce using rule 47 (expression -> expression LESSTHAN expression .)
    LESSTHANEQUALTO reduce using rule 47 (expression -> expression LESSTHAN expression .)
    $end            reduce using rule 47 (expression -> expression LESSTHAN expression .)
    RPAREN          reduce using rule 47 (expression -> expression LESSTHAN expression .)
    COMMA           reduce using rule 47 (expression -> expression LESSTHAN expression .)
    RBRACKET        reduce using rule 47 (expression -> expression LESSTHAN expression .)
    COLON           reduce using rule 47 (expression -> expression LESSTHAN expression .)
    RBRACE          reduce using rule 47 (expression -> expression LESSTHAN expression .)
    PLUS            shift and go to state 20
    MINUS           shift and go to state 21
    DIVIDE          shift and go to state 22
    FLOORDIVIDE     shift and go to state 23
    MULTIPLY        shift and go to state 24
    AT              shift and go to state 25
    MODULO          shift and go to state 26
    POWER           shift and go to state 27
    LBRACKET        shift and go to state 28
    DOT             shift and go to state 29

  ! PLUS            [ reduce using rule 47 (expression -> expression LESSTHAN expression .) ]
  ! MINUS           [ reduce using rule 47 (expression -> expression LESSTHAN expression .) ]
  ! DIVIDE          [ reduce using rule 47 (expression -> expression LESSTHAN expression .) ]
  ! FLOORDIVIDE     [ reduce using rule 47 (expression -> expression LESSTHAN expression .) ]
  ! MULTIPLY        [ reduce using rule 47 (expression -> expression LESSTHAN expression .) ]
  ! AT              [ reduce using rule 47 (expression -> expression LESSTHAN expression .) ]
  ! MODULO          [ reduce using rule 47 (expression -> expression LESSTHAN expression .) ]
  ! POWER           [ reduce using rule 47 (expression -> expression LESSTHAN expression .) ]
  ! LBRACKET        [ reduce using rule 47 (expression -> expression LESSTHAN expression .) ]
  ! DOT             [ reduce using rule 47 (expression -> expression LESSTHAN expression .) ]
  ! AND             [ shift and go to state 30 ]
  ! OR              [ shift and go to state 31 ]
  ! IN              [ shift and go to state 32 ]
  ! NOT             [ shift and go to state 33 ]
  ! EQUALTO         [ shift and go to state 34 ]
  ! NOTEQUALTO      [ shift and go to state 35 ]
  ! GREATERTHAN     [ shift and go to state 36 ]
  ! LESSTHAN        [ shift and go to state 37 ]
  ! GREATERTHANEQUALTO [ shift and go to state 38 ]
  ! LESSTHANEQUALTO [ shift and go to state 39 ]


state 77

    (48) expression -> expression GREATERTHANEQUALTO expression .
    (3) expression -> expression . PLUS expression
    (4) expression -> expression . MINUS expression
    (5) expression -> expression . DIVIDE expression
    (6) expression -> expression . FLOORDIVIDE expression
    (7) expression -> expression . MULTIPLY expression
    (8) expression -> expression . AT expression
    (9) expression -> expression . MODULO expression
    (10) expression -> expression . POWER expression
    (27) expression -> expression . LBRACKET expression RBRACKET
    (28) expression -> expression . LBRACKET optional_expression COLON optional_expression RBRACKET
    (37) expression -> expression . DOT NAME LPAREN optional_arguments RPAREN
    (38) expression -> expression . DOT NAME
    (39) expression -> expression . AND expression
    (40) expression -> expression . OR expression
    (42) expression -> expression . IN expression
    (43) expression -> expression . NOT IN expression
    (44) expression -> expression . EQUALTO expression
    (45) expression -> expression . NOTEQUALTO expression
    (46) expression -> expression . GREATERTHAN expression
    (47) expression -> expression . LESSTHAN expression
    (48) expression -> expression . GREATERTHANEQUALTO expression
    (49) expression -> expression . LESSTHANEQUALTO expression

    AND             reduce using rule 48 (expression -> expression GREATERTHANEQUALTO expression .)
    OR              reduce using rule 48 (expression -> expression GREATERTHANEQUALTO expression .)
    IN              reduce using rule 48 (expression -> expression GREATERTHANEQUALTO expression .)
    NOT             reduce using rule 48 (expression -> expression GREATERTHANEQUALTO expression .)
    EQUALTO         reduce using rule 48 (expression -> expression GREATERTHANEQUALTO expression .)
    NOTEQUALTO      reduce using rule 48 (expression -> expression GREATERTHANEQUALTO expression .)
    GREATERTHAN     reduce using rule 48 (expression -> expression GREATERTHANEQUALTO expression .)
    LESSTHAN        reduce using rule 48 (expression -> expression GREATERTHANEQUALTO expression .)
    GREATERTHANEQUALTO reduce using rule 48 (expression -> expression GREATERTHANEQUALTO expression .)
    LESSTHANEQUALTO reduce using rule 48 (expression -> expression GREATERTHANEQUALTO expression .)
    $end            reduce using rule 48 (expression -> expression GREATERTHANEQUALTO expression .)
    RPAREN          reduce using rule 48 (expression -> expression GREATERTHANEQUALTO expression .)
    COMMA           reduce using rule 48 (expression -> expression GREATERTHANEQUALTO expression .)
    RBRACKET        reduce using rule 48 (expression -> expression GREATERTHANEQUALTO expression .)
    COLON           reduce using rule 48 (expression -> expression GREATERTHANEQUALTO expression .)
    RBRACE          reduce using rule 48 (expression -> expression GREATERTHANEQUALTO expression .)
    PLUS            shift and go to state 20
    MINUS           shift and go to state 21
    DIVIDE          shift and go to state 22
    FLOORDIVIDE     shift and go to state 23
    MULTIPLY        shift and go to state 24
    AT              shift and go to state 25
    MODULO          shift and go to state 26
    POWER           shift and go to state 27
    LBRACKET        shift and go to state 28
    DOT             shift and go to state 29

  ! PLUS            [ reduce using rule 48 (expression -> expression GREATERTHANEQUALTO expression .) ]
  ! MINUS           [ reduce using rule 48 (expression -> expression GREATERTHANEQUALTO expression .) ]
  ! DIVIDE          [ reduce using rule 48 (expression -> expression GREATERTHANEQUALTO expression .) ]
  ! FLOORDIVIDE     [ reduce using rule 48 (expression -> expression GREATERTHANEQUALTO expression .) ]
  ! MULTIPLY        [ reduce using rule 48 (expression -> expression GREATERTHANEQUALTO expression .) ]
  ! AT              [ reduce using rule 48 (expression -> expression GREATERTHANEQUALTO expression .) ]
  ! MODULO          [ reduce using rule 48 (expression -> expression GREATERTHANEQUALTO expression .) ]
  ! POWER           [ reduce using rule 48 (expression -> expression GREATERTHANEQUALTO expression .) ]
  ! LBRACKET        [ reduce using rule 48 (expression -> expression GREATERTHANEQUALTO expression .) ]
  ! DOT             [ reduce using rule 48 (expression -> expression GREATERTHANEQUALTO expression .) ]
  ! AND             [ shift and go to state 30 ]
  ! OR              [ shift and go to state 31 ]
  ! IN              [ shift and go to state 32 ]
  ! NOT             [ shift and go to state 33 ]
  ! EQUALTO         [ shift and go to state 34 ]
  ! NOTEQUALTO      [ shift and go to state 35 ]
  ! GREATERTHAN     [ shift and go to state 36 ]
  ! LESSTHAN        [ shift and go to state 37 ]
  ! GREATERTHANEQUALTO [ shift and go to state 38 ]
  ! LESSTHANEQUALTO [ shift and go to state 39 ]


state 78

    (49) expression -> expression LESSTHANEQUALTO expression .
    (3) expression -> expression . PLUS expression
    (4) expression -> expression . MINUS expression
    (5) expression -> expression . DIVIDE expression
    (6) expression -> expression . FLOORDIVIDE expression
    (7) expression -> expression . MULTIPLY expression
    (8) expression -> expression . AT expression
    (9) expression -> expression . MODULO expression
    (10) expression -> expression . POWER expression
    (27) expression -> expression . LBRACKET expression RBRACKET
    (28) expression -> expression . LBRACKET optional_expression COLON optional_expression RBRACKET
    (37) expression -> expression . DOT NAME LPAREN optional_arguments RPAREN
    (38) expression -> expression . DOT NAME
    (39) expression -> expression . AND expression
    (40) expression -> expression . OR expression
    (42) expression -> expression . IN expression
    (43) expression -> expression . NOT IN expression
    (44) expression -> expression . EQUALTO expression
    (45) expression -> expression . NOTEQUALTO expression
    (46) expression -> expression . GREATERTHAN expression
    (47) expression -> expression . LESSTHAN expression
    (48) expression -> expression . GREATERTHANEQUALTO expression
    (49) expression -> expression . LESSTHANEQUALTO expression

    AND             reduce using rule 49 (expression -> expression LESSTHANEQUALTO expression .)
    OR              reduce using rule 49 (expression -> expression LESSTHANEQUALTO expression .)
    IN              reduce using rule 49 (expression -> expression LESSTHANEQUALTO expression .)
    NOT             reduce using rule 49 (expression -> expression LESSTHANEQUALTO expression .)
    EQUALTO         reduce using rule 49 (expression -> expression LESSTHANEQUALTO expression .)
    NOTEQUALTO      reduce using rule 49 (expression -> expression LESSTHANEQUALTO expression .)
    GREATERTHAN     reduce using rule 49 (expression -> expression LESSTHANEQUALTO expression .)
    LESSTHAN        reduce using rule 49 (expression -> expression LESSTHANEQUALTO expression .)
    GREATERTHANEQUALTO reduce using rule 49 (expression -> expression LESSTHANEQUALTO expression .)
    LESSTHANEQUALTO reduce using rule 49 (expression -> expression LESSTHANEQUALTO expression .)
    $end            reduce using rule 49 (expression -> expression LESSTHANEQUALTO expression .)
    RPAREN          reduce using rule 49 (expression -> expression LESSTHANEQUALTO expression .)
    COMMA           reduce using rule 49 (expression -> expression LESSTHANEQUALTO expression .)
    RBRACKET        reduce using rule 49 (expression -> expression LESSTHANEQUALTO expression .)
    COLON           reduce using rule 49 (expression -> expression LESSTHANEQUALTO expression .)
    RBRACE          reduce using rule 49 (expression -> expression LESSTHANEQUALTO expression .)
    PLUS            shift and go to state 20
    MINUS           shift and go to state 21
    DIVIDE          shift and go to state 22
    FLOORDIVIDE     shift and go to state 23
    MULTIPLY        shift and go to state 24
    AT              shift and go to state 25
    MODULO          shift and go to state 26
    POWER           shift and go to state 27
    LBRACKET        shift and go to state 28
    DOT             shift and go to state 29

  ! PLUS            [ reduce using rule 49 (expression -> expression LESSTHANEQUALTO expression .) ]
  ! MINUS           [ reduce using rule 49 (expression -> expression LESSTHANEQUALTO expression .) ]
  ! DIVIDE          [ reduce using rule 49 (expression -> expression LESSTHANEQUALTO expression .) ]
  ! FLOORDIVIDE     [ reduce using rule 49 (expression -> expression LESSTHANEQUALTO expression .) ]
  ! MULTIPLY        [ reduce using rule 49 (expression -> expression LESSTHANEQUALTO expression .) ]
  ! AT              [ reduce using rule 49 (expression -> expression LESSTHANEQUALTO expression .) ]
  ! MODULO          [ reduce using rule 49 (expression -> expression LESSTHANEQUALTO expression .) ]
  ! POWER           [ reduce using rule 49 (expression -> expression LESSTHANEQUALTO expression .) ]
  ! LBRACKET        [ reduce using rule 49 (expression -> expression LESSTHANEQUALTO expression .) ]
  ! DOT             [ reduce using rule 49 (expression -> expression LESSTHANEQUALTO expression .) ]
  ! AND             [ shift and go to state 30 ]
  ! OR              [ shift and go to state 31 ]
  ! IN              [ shift and go to state 32 ]
  ! NOT             [ shift and go to state 33 ]
  ! EQUALTO         [ shift and go to state 34 ]
  ! NOTEQUALTO      [ shift and go to state 35 ]
  ! GREATERTHAN     [ shift and go to state 36 ]
  ! LESSTHAN        [ shift and go to state 37 ]
  ! GREATERTHANEQUALTO [ shift and go to state 38 ]
  ! LESSTHANEQUALTO [ shift and go to state 39 ]


state 79

    (2) expression -> LPAREN expression RPAREN .

    PLUS            reduce using rule 2 (expression -> LPAREN expression RPAREN .)
    MINUS           reduce using rule 2 (expression -> LPAREN expression RPAREN .)
    DIVIDE          reduce using rule 2 (expression -> LPAREN expression RPAREN .)
    FLOORDIVIDE     reduce using rule 2 (expression -> LPAREN expression RPAREN .)
    MULTIPLY        reduce using rule 2 (expression -> LPAREN expression RPAREN .)
    AT              reduce using rule 2 (expression -> LPAREN expression RPAREN .)
    MODULO          reduce using rule 2 (expression -> LPAREN expression RPAREN .)
    POWER           reduce using rule 2 (expression -> LPAREN expression RPAREN .)
    LBRACKET        reduce using rule 2 (expression -> LPAREN expression RPAREN .)
    DOT             reduce using rule 2 (expression -> LPAREN expression RPAREN .)
    AND             reduce using rule 2 (expression -> LPAREN expression RPAREN .)
    OR              reduce using rule 2 (expression -> LPAREN expression RPAREN .)
    IN              reduce using rule 2 (expression -> LPAREN expression RPAREN .)
    NOT             reduce using rule 2 (expression -> LPAREN expression RPAREN .)
    EQUALTO         reduce using rule 2 (expression -> LPAREN expression RPAREN .)
    NOTEQUALTO      reduce using rule 2 (expression -> LPAREN expression RPAREN .)
    GREATERTHAN     reduce using rule 2 (expression -> LPAREN expression RPAREN .)
    LESSTHAN        reduce using rule 2 (expression -> LPAREN expression RPAREN .)
    GREATERTHANEQUALTO reduce using rule 2 (expression -> LPAREN expression RPAREN .)
    LESSTHANEQUALTO reduce using rule 2 (expression -> LPAREN expression RPAREN .)
    $end            reduce using rule 2 (expression -> LPAREN expression RPAREN .)
    RPAREN          reduce using rule 2 (expression -> LPAREN expression RPAREN .)
    COMMA           reduce using rule 2 (expression -> LPAREN expression RPAREN .)
    RBRACKET        reduce using rule 2 (expression -> LPAREN expression RPAREN .)
    COLON           reduce using rule 2 (expression -> LPAREN expression RPAREN .)
    RBRACE          reduce using rule 2 (expression -> LPAREN expression RPAREN .)


state 80

    (11) expression -> SQUAREROOT LPAREN expression . RPAREN
    (3) expression -> expression . PLUS expression
    (4) expression -> expression . MINUS expression
    (5) expression -> expression . DIVIDE expression
    (6) expression -> expression . FLOORDIVIDE expression
    (7) expression -> expression . MULTIPLY expression
    (8) expression -> expression . AT expression
    (9) expression -> expression . MODULO expression
    (10) expression -> expression . POWER expression
    (27) expression -> expression . LBRACKET expression RBRACKET
    (28) expression -> expression . LBRACKET optional_expression COLON optional_expression RBRACKET
    (37) expression -> expression . DOT NAME LPAREN optional_arguments RPAREN
    (38) expression -> expression . DOT NAME
    (39) expression -> expression . AND expression
    (40) expression -> expression . OR expression
    (42) expression -> expression . IN expression
    (43) expression -> expression . NOT IN expression
    (44) expression -> expression . EQUALTO expression
    (45) expression -> expression . NOTEQUALTO expression
    (46) expression -> expression . GREATERTHAN expression
    (47) expression -> expression . LESSTHAN expression
    (48) expression -> expression . GREATERTHANEQUALTO expression
    (49) expression -> expression . LESSTHANEQUALTO expression

    RPAREN          shift and go to state 98
    PLUS            shift and go to state 20
    MINUS           shift and go to state 21
    DIVIDE          shift and go to state 22
    FLOORDIVIDE     shift and go to state 23
    MULTIPLY        shift and go to state 24
    AT              shift and go to state 25
    MODULO          shift and go to state 26
    POWER           shift and go to state 27
    LBRACKET        shift and go to state 28
    DOT             shift and go to state 29
    AND             shift and go to state 30
    OR              shift and go to state 31
    IN              shift and go to state 32
    NOT             shift and go to state 33
    EQUALTO         shift and go to state 34
    NOTEQUALTO      shift and go to state 35
    GREATERTHAN     shift and go to state 36
    LESSTHAN        shift and go to state 37
    GREATERTHANEQUALTO shift and go to state 38
    LESSTHANEQUALTO shift and go to state 39


state 81

    (12) expression -> SINE LPAREN expression . RPAREN
    (3) expression -> expression . PLUS expression
    (4) expression -> expression . MINUS expression
    (5) expression -> expression . DIVIDE expression
    (6) expression -> expression . FLOORDIVIDE expression
    (7) expression -> expression . MULTIPLY expression
    (8) expression -> expression . AT expression
    (9) expression -> expression . MODULO expression
    (10) expression -> expression . POWER expression
    (27) expression -> expression . LBRACKET expression RBRACKET
    (28) expression -> expression . LBRACKET optional_expression COLON optional_expression RBRACKET
    (37) expression -> expression . DOT NAME LPAREN optional_arguments RPAREN
    (38) expression -> expression . DOT NAME
    (39) expression -> expression . AND expression
    (40) expression -> expression . OR expression
    (42) expression -> expression . IN expression
    (43) expression -> expression . NOT IN expression
    (44) expression -> expression . EQUALTO expression
    (45) expression -> expression . NOTEQUALTO expression
    (46) expression -> expression . GREATERTHAN expression
    (47) expression -> expression . LESSTHAN expression
    (48) expression -> expression . GREATERTHANEQUALTO expression
    (49) expression -> expression . LESSTHANEQUALTO expression

    RPAREN          shift and go to state 99
    PLUS            shift and go to state 20
    MINUS           shift and go to state 21
    DIVIDE          shift and go to state 22
    FLOORDIVIDE     shift and go to state 23
    MULTIPLY        shift and go to state 24
    AT              shift and go to state 25
    MODULO          shift and go to state 26
    POWER           shift and go to state 27
    LBRACKET        shift and go to state 28
    DOT             shift and go to state 29
    AND             shift and go to state 30
    OR              shift and go to state 31
    IN              shift and go to state 32
    NOT             shift and go to state 33
    EQUALTO         shift and go to state 34
    NOTEQUALTO      shift and go to state 35
    GREATERTHAN     shift and go to state 36
    LESSTHAN        shift and go to state 37
    GREATERTHANEQUALTO shift and go to state 38
    LESSTHANEQUALTO shift and go to state 39


state 82

    (13) expression -> COSINE LPAREN expression . RPAREN
    (3) expression -> expression . PLUS expression
    (4) expression -> expression . MINUS expression
    (5) expression -> expression . DIVIDE expression
    (6) expression -> expression . FLOORDIVIDE expression
    (7) expression -> expression . MULTIPLY expression
    (8) expression -> expression . AT expression
    (9) expression -> expression . MODULO expression
    (10) expression -> expression . POWER expression
    (27) expression -> expression . LBRACKET expression RBRACKET
    (28) expression -> expression . LBRACKET optional_expression COLON optional_expression RBRACKET
    (37) expression -> expression . DOT NAME LPAREN optional_arguments RPAREN
    (38) expression -> expression . DOT NAME
    (39) expression -> expression . AND expression
    (40) expression -> expression . OR expression
    (42) expression -> expression . IN expression
    (43) expression -> expression . NOT IN expression
    (44) expression -> expression . EQUALTO expression
    (45) expression -> expression . NOTEQUALTO expression
    (46) expression -> expression . GREATERTHAN expression
    (47) expression -> expression . LESSTHAN expression
    (48) expression -> expression . GREATERTHANEQUALTO expression
    (49) expression -> expression . LESSTHANEQUALTO expression

    RPAREN          shift and go to state 100
    PLUS            shift and go to state 20
    MINUS           shift and go to state 21
    DIVIDE          shift and go to state 22
    FLOORDIVIDE     shift and go to state 23
    MULTIPLY        shift and go to state 24
    AT              shift and go to state 25
    MODULO          shift and go to state 26
    POWER           shift and go to state 27
    LBRACKET        shift and go to state 28
    DOT             shift and go to state 29
    AND             shift and go to state 30
    OR              shift and go to state 31
    IN              shift and go to state 32
    NOT             shift and go to state 33
    EQUALTO         shift and go to state 34
    NOTEQUALTO      shift and go to state 35
    GREATERTHAN     shift and go to state 36
    LESSTHAN        shift and go to state 37
    GREATERTHANEQUALTO shift and go to state 38
    LESSTHANEQUALTO shift and go to state 39


state 83

    (14) expression -> TANGENT LPAREN expression . RPAREN
    (3) expression -> expression . PLUS expression
    (4) expression -> expression . MINUS expression
    (5) expression -> expression . DIVIDE expression
    (6) expression -> expression . FLOORDIVIDE expression
    (7) expression -> expression . MULTIPLY expression
    (8) expression -> expression . AT expression
    (9) expression -> expression . MODULO expression
    (10) expression -> expression . POWER expression
    (27) expression -> expression . LBRACKET expression RBRACKET
    (28) expression -> expression . LBRACKET optional_expression COLON optional_expression RBRACKET
    (37) expression -> expression . DOT NAME LPAREN optional_arguments RPAREN
    (38) expression -> expression . DOT NAME
    (39) expression -> expression . AND expression
    (40) expression -> expression . OR expression
    (42) expression -> expression . IN expression
    (43) expression -> expression . NOT IN expression
    (44) expression -> expression . EQUALTO expression
    (45) expression -> expression . NOTEQUALTO expression
    (46) expression -> expression . GREATERTHAN expression
    (47) expression -> expression . LESSTHAN expression
    (48) expression -> expression . GREATERTHANEQUALTO expression
    (49) expression -> expression . LESSTHANEQUALTO expression

    RPAREN          shift and go to state 101
    PLUS            shift and go to state 20
    MINUS           shift and go to state 21
    DIVIDE          shift and go to state 22
    FLOORDIVIDE     shift and go to state 23
    MULTIPLY        shift and go to state 24
    AT              shift and go to state 25
    MODULO          shift and go to state 26
    POWER           shift and go to state 27
    LBRACKET        shift and go to state 28
    DOT             shift and go to state 29
    AND             shift and go to state 30
    OR              shift and go to state 31
    IN              shift and go to state 32
    NOT             shift and go to state 33
    EQUALTO         shift and go to state 34
    NOTEQUALTO      shift and go to state 35
    GREATERTHAN     shift and go to state 36
    LESSTHAN        shift and go to state 37
    GREATERTHANEQUALTO shift and go to state 38
    LESSTHANEQUALTO shift and go to state 39


state 84

    (16) expression -> PRINT LPAREN expression . RPAREN
    (3) expression -> expression . PLUS expression
    (4) expression -> expression . MINUS expression
    (5) expression -> expression . DIVIDE expression
    (6) expression -> expression . FLOORDIVIDE expression
    (7) expression -> expression . MULTIPLY expression
    (8) expression -> expression . AT expression
    (9) expression -> expression . MODULO expression
    (10) expression -> expression . POWER expression
    (27) expression -> expression . LBRACKET expression RBRACKET
    (28) expression -> expression . LBRACKET optional_expression COLON optional_expression RBRACKET
    (37) expression -> expression . DOT NAME LPAREN optional_arguments RPAREN
    (38) expression -> expression . DOT NAME
    (39) expression -> expression . AND expression
    (40) expression -> expression . OR expression
    (42) expression -> expression . IN expression
    (43) expression -> expression . NOT IN expression
    (44) expression -> expression . EQUALTO expression
    (45) expression -> expression . NOTEQUALTO expression
    (46) expression -> expression . GREATERTHAN expression
    (47) expression -> expression . LESSTHAN expression
    (48) expression -> expression . GREATERTHANEQUALTO expression
    (49) expression -> expression . LESSTHANEQUALTO expression

    RPAREN          shift and go to state 102
    PLUS            shift and go to state 20
    MINUS           shift and go to state 21
    DIVIDE          shift and go to state 22
    FLOORDIVIDE     shift and go to state 23
    MULTIPLY        shift and go to state 24
    AT              shift and go to state 25
    MODULO          shift and go to state 26
    POWER           shift and go to state 27
    LBRACKET        shift and go to state 28
    DOT             shift and go to state 29
    AND             shift and go to state 30
    OR              shift and go to state 31
    IN              shift and go to state 32
    NOT             shift and go to state 33
    EQUALTO         shift and go to state 34
    NOTEQUALTO      shift and go to state 35
    GREATERTHAN     shift and go to state 36
    LESSTHAN        shift and go to state 37
    GREATERTHANEQUALTO shift and go to state 38
    LESSTHANEQUALTO shift and go to state 39


state 85

    (18) expression -> NAME EQ expression .
    (3) expression -> expression . PLUS expression
    (4) expression -> expression . MINUS expression
    (5) expression -> expression . DIVIDE expression
    (6) expression -> expression . FLOORDIVIDE expression
    (7) expression -> expression . MULTIPLY expression
    (8) expression -> expression . AT expression
    (9) expression -> expression . MODULO expression
    (10) expression -> expression . POWER expression
    (27) expression -> expression . LBRACKET expression RBRACKET
    (28) expression -> expression . LBRACKET optional_expression COLON optional_expression RBRACKET
    (37) expression -> expression . DOT NAME LPAREN optional_arguments RPAREN
    (38) expression -> expression . DOT NAME
    (39) expression -> expression . AND expression
    (40) expression -> expression . OR expression
    (42) expression -> expression . IN expression
    (43) expression -> expression . NOT IN expression
    (44) expression -> expression . EQUALTO expression
    (45) expression -> expression . NOTEQUALTO expression
    (46) expression -> expression . GREATERTHAN expression
    (47) expression -> expression . LESSTHAN expression
    (48) expression -> expression . GREATERTHANEQUALTO expression
    (49) expression -> expression . LESSTHANEQUALTO expression

  ! shift/reduce conflict for PLUS resolved as shift
  ! shift/reduce conflict for MINUS resolved as shift
  ! shift/reduce conflict for DIVIDE resolved as shift
  ! shift/reduce conflict for FLOORDIVIDE resolved as shift
  ! shift/reduce conflict for MULTIPLY resolved as shift
  ! shift/reduce conflict for AT resolved as shift
  ! shift/reduce conflict for MODULO resolved as shift
  ! shift/reduce conflict for POWER resolved as shift
  ! shift/reduce conflict for LBRACKET resolved as shift
  ! shift/reduce conflict for DOT resolved as shift
  ! shift/reduce conflict for AND resolved as shift
  ! shift/reduce conflict for OR resolved as shift
  ! shift/reduce conflict for IN resolved as shift
  ! shift/reduce conflict for NOT resolved as shift
  ! shift/reduce conflict for EQUALTO resolved as shift
  ! shift/reduce conflict for NOTEQUALTO resolved as shift
  ! shift/reduce conflict for GREATERTHAN resolved as shift
  ! shift/reduce conflict for LESSTHAN resolved as shift
  ! shift/reduce conflict for GREATERTHANEQUALTO resolved as shift
  ! shift/reduce conflict for LESSTHANEQUALTO resolved as shift
    $end            reduce using rule 18 (expression -> NAME EQ expression .)
    RPAREN          reduce using rule 18 (expression -> NAME EQ expression .)
    COMMA           reduce using rule 18 (expression -> NAME EQ expression .)
    RBRACKET        reduce using rule 18 (expression -> NAME EQ expression .)
    COLON           reduce using rule 18 (expression -> NAME EQ expression .)
    RBRACE          reduce using rule 18 (expression -> NAME EQ expression .)
    PLUS            shift and go to state 20
    MINUS           shift and go to state 21
    DIVIDE          shift and go to state 22
    FLOORDIVIDE     shift and go to state 23
    MULTIPLY        shift and go to state 24
    AT              shift and go to state 25
    MODULO          shift and go to state 26
    POWER           shift and go to state 27
    LBRACKET        shift and go to state 28
    DOT             shift and go to state 29
    AND             shift and go to state 30
    OR              shift and go to state 31
    IN              shift and go to state 32
    NOT             shift and go to state 33
    EQUALTO         shift and go to state 34
    NOTEQUALTO      shift and go to state 35
    GREATERTHAN     shift and go to state 36
    LESSTHAN        shift and go to state 37
    GREATERTHANEQUALTO shift and go to state 38
    LESSTHANEQUALTO shift and go to state 39

  ! PLUS            [ reduce using rule 18 (expression -> NAME EQ expression .) ]
  ! MINUS           [ reduce using rule 18 (expression -> NAME EQ expression .) ]
  ! DIVIDE          [ reduce using rule 18 (expression -> NAME EQ expression .) ]
  ! FLOORDIVIDE     [ reduce using rule 18 (expression -> NAME EQ expression .) ]
  ! MULTIPLY        [ reduce using rule 18 (expression -> NAME EQ expression .) ]
  ! AT              [ reduce using rule 18 (expression -> NAME EQ expression .) ]
  ! MODULO          [ reduce using rule 18 (expression -> NAME EQ expression .) ]
  ! POWER           [ reduce using rule 18 (expression -> NAME EQ expression .) ]
  ! LBRACKET        [ reduce using rule 18 (expression -> NAME EQ expression .) ]
  ! DOT             [ reduce using rule 18 (expression -> NAME EQ expression .) ]
  ! AND             [ reduce using rule 18 (expression -> NAME EQ expression .) ]
  ! OR              [ reduce using rule 18 (expression -> NAME EQ expression .) ]
  ! IN              [ reduce using rule 18 (expression -> NAME EQ expression .) ]
  ! NOT             [ reduce using rule 18 (expression -> NAME EQ expression .) ]
  ! EQUALTO         [ reduce using rule 18 (expression -> NAME EQ expression .) ]
  ! NOTEQUALTO      [ reduce using rule 18 (expression -> NAME EQ expression .) ]
  ! GREATERTHAN     [ reduce using rule 18 (expression -> NAME EQ expression .) ]
  ! LESSTHAN        [ reduce using rule 18 (expression -> NAME EQ expression .) ]
  ! GREATERTHANEQUALTO [ reduce using rule 18 (expression -> NAME EQ expression .) ]
  ! LESSTHANEQUALTO [ reduce using rule 18 (expression -> NAME EQ expression .) ]


state 86

    (35) expression -> NAME LPAREN optional_arguments . RPAREN

    RPAREN          shift and go to state 103


state 87

    (20) expression -> LBRACKET optional_arguments RBRACKET .

    PLUS            reduce using rule 20 (expression -> LBRACKET optional_arguments RBRACKET .)
    MINUS           reduce using rule 20 (expression -> LBRACKET optional_arguments RBRACKET .)
    DIVIDE          reduce using rule 20 (expression -> LBRACKET optional_arguments RBRACKET .)
    FLOORDIVIDE     reduce using rule 20 (expression -> LBRACKET optional_arguments RBRACKET .)
    MULTIPLY        reduce using rule 20 (expression -> LBRACKET optional_arguments RBRACKET .)
    AT              reduce using rule 20 (expression -> LBRACKET optional_arguments RBRACKET .)
    MODULO          reduce using rule 20 (expression -> LBRACKET optional_arguments RBRACKET .)
    POWER           reduce using rule 20 (expression -> LBRACKET optional_arguments RBRACKET .)
    LBRACKET        reduce using rule 20 (expression -> LBRACKET optional_arguments RBRACKET .)
    DOT             reduce using rule 20 (expression -> LBRACKET optional_arguments RBRACKET .)
    AND             reduce using rule 20 (expression -> LBRACKET optional_arguments RBRACKET .)
    OR              reduce using rule 20 (expression -> LBRACKET optional_arguments RBRACKET .)
    IN              reduce using rule 20 (expression -> LBRACKET optional_arguments RBRACKET .)
    NOT             reduce using rule 20 (expression -> LBRACKET optional_arguments RBRACKET .)
    EQUALTO         reduce using rule 20 (expression -> LBRACKET optional_arguments RBRACKET .)
    NOTEQUALTO      reduce using rule 20 (expression -> LBRACKET optional_arguments RBRACKET .)
    GREATERTHAN     reduce using rule 20 (expression -> LBRACKET optional_arguments RBRACKET .)
    LESSTHAN        reduce using rule 20 (expression -> LBRACKET optional_arguments RBRACKET .)
    GREATERTHANEQUALTO reduce using rule 20 (expression -> LBRACKET optional_arguments RBRACKET .)
    LESSTHANEQUALTO reduce using rule 20 (expression -> LBRACKET optional_arguments RBRACKET .)
    $end            reduce using rule 20 (expression -> LBRACKET optional_arguments RBRACKET .)
    RPAREN          reduce using rule 20 (expression -> LBRACKET optional_arguments RBRACKET .)
    COMMA           reduce using rule 20 (expression -> LBRACKET optional_arguments RBRACKET .)
    RBRACKET        reduce using rule 20 (expression -> LBRACKET optional_arguments RBRACKET .)
    COLON           reduce using rule 20 (expression -> LBRACKET optional_arguments RBRACKET .)
    RBRACE          reduce using rule 20 (expression -> LBRACKET optional_arguments RBRACKET .)


state 88

    (34) arguments -> arguments COMMA . expression
    (1) expression -> . NUMBER
    (2) expression -> . LPAREN expression RPAREN
    (3) expression -> . expression PLUS expression
    (4) expression -> . expression MINUS expression
    (5) expression -> . expression DIVIDE expression
    (6) expression -> . expression FLOORDIVIDE expression
    (7) expression -> . expression MULTIPLY expression
    (8) expression -> . expression AT expression
    (9) expression -> . expression MODULO expression
    (10) expression -> . expression POWER expression
    (11) expression -> . SQUAREROOT LPAREN expression RPAREN
    (12) expression -> . SINE LPAREN expression RPAREN
    (13) expression -> . COSINE LPAREN expression RPAREN
    (14) expression -> . TANGENT LPAREN expression RPAREN
    (15) expression -> . PI
    (16) expression -> . PRINT LPAREN expression RPAREN
    (17) expression -> . STRING
    (18) expression -> . NAME EQ expression
    (19) expression -> . NAME
    (20) expression -> . LBRACKET optional_arguments RBRACKET
    (21) expression -> . LBRACE RBRACE
    (22) expression -> . LBRACE dictionary_items RBRACE
    (23) expression -> . LBRACE dictionary_items COMMA RBRACE
    (27) expression -> . expression LBRACKET expression RBRACKET
    (28) expression -> . expression LBRACKET optional_expression COLON optional_expression RBRACKET
    (35) expression -> . NAME LPAREN optional_arguments RPAREN
    (36) expression -> . RANGE LPAREN optional_arguments RPAREN
    (37) expression -> . expression DOT NAME LPAREN optional_arguments RPAREN
    (38) expression -> . expression DOT NAME
    (39) expression -> . expression AND expression
    (40) expression -> . expression OR expression
    (41) expression -> . NOT expression
    (42) expression -> . expression IN expression
    (43) expression -> . expression NOT IN expression
    (44) expression -> . expression EQUALTO expression
    (45) expression -> . expression NOTEQUALTO expression
    (46) expression -> . expression GREATERTHAN expression
    (47) expression -> . expression LESSTHAN expression
    (48) expression -> . expression GREATERTHANEQUALTO expression
    (49) expression -> . expression LESSTHANEQUALTO expression
    (50) expression -> . TRUE
    (51) expression -> . FALSE
    (52) expression -> . NULL
    (53) expression -> . COND LPAREN expression RPAREN

    NUMBER          shift and go to state 2
    LPAREN          shift and go to state 3
    SQUAREROOT      shift and go to state 4
    SINE            shift and go to state 5
    COSINE          shift and go to state 6
    TANGENT         shift and go to state 7
    PI              shift and go to state 8
    PRINT           shift and go to state 9
    STRING          shift and go to state 10
    NAME            shift and go to state 11
    LBRACKET        shift and go to state 12
    LBRACE          shift and go to state 13
    RANGE           shift and go to state 14
    NOT             shift and go to state 15
    TRUE            shift and go to state 16
    FALSE           shift and go to state 17
    NULL            shift and go to state 18
    COND            shift and go to state 19

    expression                     shift and go to state 104

state 89

    (22) expression -> LBRACE dictionary_items RBRACE .

    PLUS            reduce using rule 22 (expression -> LBRACE dictionary_items RBRACE .)
    MINUS           reduce using rule 22 (expression -> LBRACE dictionary_items RBRACE .)
    DIVIDE          reduce using rule 22 (expression -> LBRACE dictionary_items RBRACE .)
    FLOORDIVIDE     reduce using rule 22 (expression -> LBRACE dictionary_items RBRACE .)
    MULTIPLY        reduce using rule 22 (expression -> LBRACE dictionary_items RBRACE .)
    AT              reduce using rule 22 (expression -> LBRACE dictionary_items RBRACE .)
    MODULO          reduce using rule 22 (expression -> LBRACE dictionary_items RBRACE .)
    POWER           reduce using rule 22 (expression -> LBRACE dictionary_items RBRACE .)
    LBRACKET        reduce using rule 22 (expression -> LBRACE dictionary_items RBRACE .)
    DOT             reduce using rule 22 (expression -> LBRACE dictionary_items RBRACE .)
    AND             reduce using rule 22 (expression -> LBRACE dictionary_items RBRACE .)
    OR              reduce using rule 22 (expression -> LBRACE dictionary_items RBRACE .)
    IN              reduce using rule 22 (expression -> LBRACE dictionary_items RBRACE .)
    NOT             reduce using rule 22 (expression -> LBRACE dictionary_items RBRACE .)
    EQUALTO         reduce using rule 22 (expression -> LBRACE dictionary_items RBRACE .)
    NOTEQUALTO      reduce using rule 22 (expression -> LBRACE dictionary_items RBRACE .)
    GREATERTHAN     reduce using rule 22 (expression -> LBRACE dictionary_items RBRACE .)
    LESSTHAN        reduce using rule 22 (expression -> LBRACE dictionary_items RBRACE .)
    GREATERTHANEQUALTO reduce using rule 22 (expression -> LBRACE dictionary_items RBRACE .)
    LESSTHANEQUALTO reduce using rule 22 (expression -> LBRACE dictionary_items RBRACE .)
    $end            reduce using rule 22 (expression -> LBRACE dictionary_items RBRACE .)
    RPAREN          reduce using rule 22 (expression -> LBRACE dictionary_items RBRACE .)
    COMMA           reduce using rule 22 (expression -> LBRACE dictionary_items RBRACE .)
    RBRACKET        reduce using rule 22 (expression -> LBRACE dictionary_items RBRACE .)
    COLON           reduce using rule 22 (expression -> LBRACE dictionary_items RBRACE .)
    RBRACE          reduce using rule 22 (expression -> LBRACE dictionary_items RBRACE .)


state 90

    (23) expression -> LBRACE dictionary_items COMMA . RBRACE
    (26) dictionary_items -> dictionary_items COMMA . dictionary_item
    (24) dictionary_item -> . expression COLON expression
    (1) expression -> . NUMBER
    (2) expression -> . LPAREN expression RPAREN
    (3) expression -> . expression PLUS expression
    (4) expression -> . expression MINUS expression
    (5) expression -> . expression DIVIDE expression
    (6) expression -> . expression FLOORDIVIDE expression
    (7) expression -> . expression MULTIPLY expression
    (8) expression -> . expression AT expression
    (9) expression -> . expression MODULO expression
    (10) expression -> . expression POWER expression
    (11) expression -> . SQUAREROOT LPAREN expression RPAREN
    (12) expression -> . SINE LPAREN expression RPAREN
    (13) expression -> . COSINE LPAREN expression RPAREN
    (14) expression -> . TANGENT LPAREN expression RPAREN
    (15) expression -> . PI
    (16) expression -> . PRINT LPAREN expression RPAREN
    (17) expression -> . STRING
    (18) expression -> . NAME EQ expression
    (19) expression -> . NAME
    (20) expression -> . LBRACKET optional_arguments RBRACKET
    (21) expression -> . LBRACE RBRACE
    (22) expression -> . LBRACE dictionary_items RBRACE
    (23) expression -> . LBRACE dictionary_items COMMA RBRACE
    (27) expression -> . expression LBRACKET expression RBRACKET
    (28) expression -> . expression LBRACKET optional_expression COLON optional_expression RBRACKET
    (35) expression -> . NAME LPAREN optional_arguments RPAREN
    (36) expression -> . RANGE LPAREN optional_arguments RPAREN
    (37) expression -> . expression DOT NAME LPAREN optional_arguments RPAREN
    (38) expression -> . expression DOT NAME
    (39) expression -> . expression AND expression
    (40) expression -> . expression OR expression
    (41) expression -> . NOT expression
    (42) expression -> . expression IN expression
    (43) expression -> . expression NOT IN expression
    (44) expression -> . expression EQUALTO expression
    (45) expression -> . expression NOTEQUALTO expression
    (46) expression -> . expression GREATERTHAN expression
    (47) expression -> . expression LESSTHAN expression
    (48) expression -> . expression GREATERTHANEQUALTO expression
    (49) expression -> . expression LESSTHANEQUALTO expression
    (50) expression -> . TRUE
    (51) expression -> . FALSE
    (52) expression -> . NULL
    (53) expression -> . COND LPAREN expression RPAREN

    RBRACE          shift and go to state 105
    NUMBER          shift and go to state 2
    LPAREN          shift and go to state 3
    SQUAREROOT      shift and go to state 4
    SINE            shift and go to state 5
    COSINE          shift and go to state 6
    TANGENT         shift and go to state 7
    PI              shift and go to state 8
    PRINT           shift and go to state 9
    STRING          shift and go to state 10
    NAME            shift and go to state 11
    LBRACKET        shift and go to state 12
    LBRACE          shift and go to state 13
    RANGE           shift and go to state 14
    NOT             shift and go to state 15
    TRUE            shift and go to state 16
    FALSE           shift and go to state 17
    NULL            shift and go to state 18
    COND            shift and go to state 19

    dictionary_item                shift and go to state 106
    expression                     shift and go to state 54

state 91

    (24) dictionary_item -> expression COLON . expression
    (1) expression -> . NUMBER
    (2) expression -> . LPAREN expression RPAREN
    (3) expression -> . expression PLUS expression
    (4) expression -> . expression MINUS expression
    (5) expression -> . expression DIVIDE expression
    (6) expression -> . expression FLOORDIVIDE expression
    (7) expression -> . expression MULTIPLY expression
    (8) expression -> . expression AT expression
    (9) expression -> . expression MODULO expression
    (10) expression -> . expression POWER expression
    (11) expression -> . SQUAREROOT LPAREN expression RPAREN
    (12) expression -> . SINE LPAREN expression RPAREN
    (13) expression -> . COSINE LPAREN expression RPAREN
    (14) expression -> . TANGENT LPAREN expression RPAREN
    (15) expression -> . PI
    (16) expression -> . PRINT LPAREN expression RPAREN
    (17) expression -> . STRING
    (18) expression -> . NAME EQ expression
    (19) expression -> . NAME
    (20) expression -> . LBRACKET optional_arguments RBRACKET
    (21) expression -> . LBRACE RBRACE
    (22) expression -> . LBRACE dictionary_items RBRACE
    (23) expression -> . LBRACE dictionary_items COMMA RBRACE
    (27) expression -> . expression LBRACKET expression RBRACKET
    (28) expression -> . expression LBRACKET optional_expression COLON optional_expression RBRACKET
    (35) expression -> . NAME LPAREN optional_arguments RPAREN
    (36) expression -> . RANGE LPAREN optional_arguments RPAREN
    (37) expression -> . expression DOT NAME LPAREN optional_arguments RPAREN
    (38) expression -> . expression DOT NAME
    (39) expression -> . expression AND expression
    (40) expression -> . expression OR expression
    (41) expression -> . NOT expression
    (42) expression -> . expression IN expression
    (43) expression -> . expression NOT IN expression
    (44) expression -> . expression EQUALTO expression
    (45) expression -> . expression NOTEQUALTO expression
    (46) expression -> . expression GREATERTHAN expression
    (47) expression -> . expression LESSTHAN expression
    (48) expression -> . expression GREATERTHANEQUALTO expression
    (49) expression -> . expression LESSTHANEQUALTO expression
    (50) expression -> . TRUE
    (51) expression -> . FALSE
    (52) expression -> . NULL
    (53) expression -> . COND LPAREN expression RPAREN

    NUMBER          shift and go to state 2
    LPAREN          shift and go to state 3
    SQUAREROOT      shift and go to state 4
    SINE            shift and go to state 5
    COSINE          shift and go to state 6
    TANGENT         shift and go to state 7
    PI              shift and go to state 8
    PRINT           shift and go to state 9
    STRING          shift and go to state 10
    NAME            shift and go to state 11
    LBRACKET        shift and go to state 12
    LBRACE          shift and go to state 13
    RANGE           shift and go to state 14
    NOT             shift and go to state 15
    TRUE            shift and go to state 16
    FALSE           shift and go to state 17
    NULL            shift and go to state 18
    COND            shift and go to state 19

    expression                     shift and go to state 107

state 92

    (36) expression -> RANGE LPAREN optional_arguments . RPAREN

    RPAREN          shift and go to state 108


state 93

    (53) expression -> COND LPAREN expression . RPAREN
    (3) expression -> expression . PLUS expression
    (4) expression -> expression . MINUS expression
    (5) expression -> expression . DIVIDE expression
    (6) expression -> expression . FLOORDIVIDE expression
    (7) expression -> expression . MULTIPLY expression
    (8) expression -> expression . AT expression
    (9) expression -> expression . MODULO expression
    (10) expression -> expression . POWER expression
    (27) expression -> expression . LBRACKET expression RBRACKET
    (28) expression -> expression . LBRACKET optional_expression COLON optional_expression RBRACKET
    (37) expression -> expression . DOT NAME LPAREN optional_arguments RPAREN
    (38) expression -> expression . DOT NAME
    (39) expression -> expression . AND expression
    (40) expression -> expression . OR expression
    (42) expression -> expression . IN expression
    (43) expression -> expression . NOT IN expression
    (44) expression -> expression . EQUALTO expression
    (45) expression -> expression . NOTEQUALTO expression
    (46) expression -> expression . GREATERTHAN expression
    (47) expression -> expression . LESSTHAN expression
    (48) expression -> expression . GREATERTHANEQUALTO expression
    (49) expression -> expression . LESSTHANEQUALTO expression

    RPAREN          shift and go to state 109
    PLUS            shift and go to state 20
    MINUS           shift and go to state 21
    DIVIDE          shift and go to state 22
    FLOORDIVIDE     shift and go to state 23
    MULTIPLY        shift and go to state 24
    AT              shift and go to state 25
    MODULO          shift and go to state 26
    POWER           shift and go to state 27
    LBRACKET        shift and go to state 28
    DOT             shift and go to state 29
    AND             shift and go to state 30
    OR              shift and go to state 31
    IN              shift and go to state 32
    NOT             shift and go to state 33
    EQUALTO         shift and go to state 34
    NOTEQUALTO      shift and go to state 35
    GREATERTHAN     shift and go to state 36
    LESSTHAN        shift and go to state 37
    GREATERTHANEQUALTO shift and go to state 38
    LESSTHANEQUALTO shift and go to state 39


state 94

    (27) expression -> expression LBRACKET expression RBRACKET .

    PLUS            reduce using rule 27 (expression -> expression LBRACKET expression RBRACKET .)
    MINUS           reduce using rule 27 (expression -> expression LBRACKET expression RBRACKET .)
    DIVIDE          reduce using rule 27 (expression -> expression LBRACKET expression RBRACKET .)
    FLOORDIVIDE     reduce using rule 27 (expression -> expression LBRACKET expression RBRACKET .)
    MULTIPLY        reduce using rule 27 (expression -> expression LBRACKET expression RBRACKET .)
    AT              reduce using rule 27 (expression -> expression LBRACKET expression RBRACKET .)
    MODULO          reduce using rule 27 (expression -> expression LBRACKET expression RBRACKET .)
    POWER           reduce using rule 27 (expression -> expression LBRACKET expression RBRACKET .)
    LBRACKET        reduce using rule 27 (expression -> expression LBRACKET expression RBRACKET .)
    DOT             reduce using rule 27 (expression -> expression LBRACKET expression RBRACKET .)
    AND             reduce using rule 27 (expression -> expression LBRACKET expression RBRACKET .)
    OR              reduce using rule 27 (expression -> expression LBRACKET expression RBRACKET .)
    IN              reduce using rule 27 (expression -> expression LBRACKET expression RBRACKET .)
    NOT             reduce using rule 27 (expression -> expression LBRACKET expression RBRACKET .)
    EQUALTO         reduce using rule 27 (expression -> expression LBRACKET expression RBRACKET .)
    NOTEQUALTO      reduce using rule 27 (expression -> expression LBRACKET expression RBRACKET .)
    GREATERTHAN     reduce using rule 27 (expression -> expression LBRACKET expression RBRACKET .)
    LESSTHAN        reduce using rule 27 (expression -> expression LBRACKET expression RBRACKET .)
    GREATERTHANEQUALTO reduce using rule 27 (expression -> expression LBRACKET expression RBRACKET .)
    LESSTHANEQUALTO reduce using rule 27 (expression -> expression LBRACKET expression RBRACKET .)
    $end            reduce using rule 27 (expression -> expression LBRACKET expression RBRACKET .)
    RPAREN          reduce using rule 27 (expression -> expression LBRACKET expression RBRACKET .)
    COMMA           reduce using rule 27 (expression -> expression LBRACKET expression RBRACKET .)
    RBRACKET        reduce using rule 27 (expression -> expression LBRACKET expression RBRACKET .)
    COLON           reduce using rule 27 (expression -> expression LBRACKET expression RBRACKET .)
    RBRACE          reduce using rule 27 (expression -> expression LBRACKET expression RBRACKET .)


state 95

    (28) expression -> expression LBRACKET optional_expression COLON . optional_expression RBRACKET
    (29) optional_expression -> .
    (30) optional_expression -> . expression
    (1) expression -> . NUMBER
    (2) expression -> . LPAREN expression RPAREN
    (3) expression -> . expression PLUS expression
    (4) expression -> . expression MINUS expression
    (5) expression -> . expression DIVIDE expression
    (6) expression -> . expression FLOORDIVIDE expression
    (7) expression -> . expression MULTIPLY expression
    (8) expression -> . expression AT expression
    (9) expression -> . expression MODULO expression
    (10) expression -> . expression POWER expression
    (11) expression -> . SQUAREROOT LPAREN expression RPAREN
    (12) expression -> . SINE LPAREN expression RPAREN
    (13) expression -> . COSINE LPAREN expression RPAREN
    (14) expression -> . TANGENT LPAREN expression RPAREN
    (15) expression -> . PI
    (16) expression -> . PRINT LPAREN expression RPAREN
    (17) expression -> . STRING
    (18) expression -> . NAME EQ expression
    (19) expression -> . NAME
    (20) expression -> . LBRACKET optional_arguments RBRACKET
    (21) expression -> . LBRACE RBRACE
    (22) expression -> . LBRACE dictionary_items RBRACE
    (23) expression -> . LBRACE dictionary_items COMMA RBRACE
    (27) expression -> . expression LBRACKET expression RBRACKET
    (28) expression -> . expression LBRACKET optional_expression COLON optional_expression RBRACKET
    (35) expression -> . NAME LPAREN optional_arguments RPAREN
    (36) expression -> . RANGE LPAREN optional_arguments RPAREN
    (37) expression -> . expression DOT NAME LPAREN optional_arguments RPAREN
    (38) expression -> . expression DOT NAME
    (39) expression -> . expression AND expression
    (40) expression -> . expression OR expression
    (41) expression -> . NOT expression
    (42) expression -> . expression IN expression
    (43) expression -> . expression NOT IN expression
    (44) expression -> . expression EQUALTO expression
    (45) expression -> . expression NOTEQUALTO expression
    (46) expression -> . expression GREATERTHAN expression
    (47) expression -> . expression LESSTHAN expression
    (48) expression -> . expression GREATERTHANEQUALTO expression
    (49) expression -> . expression LESSTHANEQUALTO expression
    (50) expression -> . TRUE
    (51) expression -> . FALSE
    (52) expression -> . NULL
    (53) expression -> . COND LPAREN expression RPAREN

    RBRACKET        reduce using rule 29 (optional_expression -> .)
    NUMBER          shift and go to state 2
    LPAREN          shift and go to state 3
    SQUAREROOT      shift and go to state 4
    SINE            shift and go to state 5
    COSINE          shift and go to state 6
    TANGENT         shift and go to state 7
    PI              shift and go to state 8
    PRINT           shift and go to state 9
    STRING          shift and go to state 10
    NAME            shift and go to state 11
    LBRACKET        shift and go to state 12
    LBRACE          shift and go to state 13
    RANGE           shift and go to state 14
    NOT             shift and go to state 15
    TRUE            shift and go to state 16
    FALSE           shift and go to state 17
    NULL            shift and go to state 18
    COND            shift and go to state 19

    expression                     shift and go to state 110
    optional_expression            shift and go to state 111

state 96

    (37) expression -> expression DOT NAME LPAREN . optional_arguments RPAREN
    (31) optional_arguments -> .
    (32) optional_arguments -> . arguments
    (33) arguments -> . expression
    (34) arguments -> . arguments COMMA expression
    (1) expression -> . NUMBER
    (2) expression -> . LPAREN expression RPAREN
    (3) expression -> . expression PLUS expression
    (4) expression -> . expression MINUS expression
    (5) expression -> . expression DIVIDE expression
    (6) expression -> . expression FLOORDIVIDE expression
    (7) expression -> . expression MULTIPLY expression
    (8) expression -> . expression AT expression
    (9) expression -> . expression MODULO expression
    (10) expression -> . expression POWER expression
    (11) expression -> . SQUAREROOT LPAREN expression RPAREN
    (12) expression -> . SINE LPAREN expression RPAREN
    (13) expression -> . COSINE LPAREN expression RPAREN
    (14) expression -> . TANGENT LPAREN expression RPAREN
    (15) expression -> . PI
    (16) expression -> . PRINT LPAREN expression RPAREN
    (17) expression -> . STRING
    (18) expression -> . NAME EQ expression
    (19) expression -> . NAME
    (20) expression -> . LBRACKET optional_arguments RBRACKET
    (21) expression -> . LBRACE RBRACE
    (22) expression -> . LBRACE dictionary_items RBRACE
    (23) expression -> . LBRACE dictionary_items COMMA RBRACE
    (27) expression -> . expression LBRACKET expression RBRACKET
    (28) expression -> . expression LBRACKET optional_expression COLON optional_expression RBRACKET
    (35) expression -> . NAME LPAREN optional_arguments RPAREN
    (36) expression -> . RANGE LPAREN optional_arguments RPAREN
    (37) expression -> . expression DOT NAME LPAREN optional_arguments RPAREN
    (38) expression -> . expression DOT NAME
    (39) expression -> . expression AND expression
    (40) expression -> . expression OR expression
    (41) expression -> . NOT expression
    (42) expression -> . expression IN expression
    (43) expression -> . expression NOT IN expression
    (44) expression -> . expression EQUALTO expression
    (45) expression -> . expression NOTEQUALTO expression
    (46) expression -> . expression GREATERTHAN expression
    (47) expression -> . expression LESSTHAN expression
    (48) expression -> . expression GREATERTHANEQUALTO expression
    (49) expression -> . expression LESSTHANEQUALTO expression
    (50) expression -> . TRUE
    (51) expression -> . FALSE
    (52) expression -> . NULL
    (53) expression -> . COND LPAREN expression RPAREN

    RPAREN          reduce using rule 31 (optional_arguments -> .)
    NUMBER          shift and go to state 2
    LPAREN          shift and go to state 3
    SQUAREROOT      shift and go to state 4
    SINE            shift and go to state 5
    COSINE          shift and go to state 6
    TANGENT         shift and go to state 7
    PI              shift and go to state 8
    PRINT           shift and go to state 9
    STRING          shift and go to state 10
    NAME            shift and go to state 11
    LBRACKET        shift and go to state 12
    LBRACE          shift and go to state 13
    RANGE           shift and go to state 14
    NOT             shift and go to state 15
    TRUE            shift and go to state 16
    FALSE           shift and go to state 17
    NULL            shift and go to state 18
    COND            shift and go to state 19

    expression                     shift and go to state 50
    optional_arguments             shift and go to state 112
    arguments                      shift and go to state 49

state 97

    (43) expression -> expression NOT IN expression .
    (3) expression -> expression . PLUS expression
    (4) expression -> expression . MINUS expression
    (5) expression -> expression . DIVIDE expression
    (6) expression -> expression . FLOORDIVIDE expression
    (7) expression -> expression . MULTIPLY expression
    (8) expression -> expression . AT expression
    (9) expression -> expression . MODULO expression
    (10) expression -> expression . POWER expression
    (27) expression -> expression . LBRACKET expression RBRACKET
    (28) expression -> expression . LBRACKET optional_expression COLON optional_expression RBRACKET
    (37) expression -> expression . DOT NAME LPAREN optional_arguments RPAREN
    (38) expression -> expression . DOT NAME
    (39) expression -> expression . AND expression
    (40) expression -> expression . OR expression
    (42) expression -> expression . IN expression
    (43) expression -> expression . NOT IN expression
    (44) expression -> expression . EQUALTO expression
    (45) expression -> expression . NOTEQUALTO expression
    (46) expression -> expression . GREATERTHAN expression
    (47) expression -> expression . LESSTHAN expression
    (48) expression -> expression . GREATERTHANEQUALTO expression
    (49) expression -> expression . LESSTHANEQUALTO expression

    AND             reduce using rule 43 (expression -> expression NOT IN expression .)
    OR              reduce using rule 43 (expression -> expression NOT IN expression .)
    IN              reduce using rule 43 (expression -> expression NOT IN expression .)
    NOT             reduce using rule 43 (expression -> expression NOT IN expression .)
    EQUALTO         reduce using rule 43 (expression -> expression NOT IN expression .)
    NOTEQUALTO      reduce using rule 43 (expression -> expression NOT IN expression .)
    $end            reduce using rule 43 (expression -> expression NOT IN expression .)
    RPAREN          reduce using rule 43 (expression -> expression NOT IN expression .)
    COMMA           reduce using rule 43 (expression -> expression NOT IN expression .)
    RBRACKET        reduce using rule 43 (expression -> expression NOT IN expression .)
    COLON           reduce using rule 43 (expression -> expression NOT IN expression .)
    RBRACE          reduce using rule 43 (expression -> expression NOT IN expression .)
    PLUS            shift and go to state 20
    MINUS           shift and go to state 21
    DIVIDE          shift and go to state 22
    FLOORDIVIDE     shift and go to state 23
    MULTIPLY        shift and go to state 24
    AT              shift and go to state 25
    MODULO          shift and go to state 26
    POWER           shift and go to state 27
    LBRACKET        shift and go to state 28
    DOT             shift and go to state 29
    GREATERTHAN     shift and go to state 36
    LESSTHAN        shift and go to state 37
    GREATERTHANEQUALTO shift and go to state 38
    LESSTHANEQUALTO shift and go to state 39

  ! PLUS            [ reduce using rule 43 (expression -> expression NOT IN expression .) ]
  ! MINUS           [ reduce using rule 43 (expression -> expression NOT IN expression .) ]
  ! DIVIDE          [ reduce using rule 43 (expression -> expression NOT IN expression .) ]
  ! FLOORDIVIDE     [ reduce using rule 43 (expression -> expression NOT IN expression .) ]
  ! MULTIPLY        [ reduce using rule 43 (expression -> expression NOT IN expression .) ]
  ! AT              [ reduce using rule 43 (expression -> expression NOT IN expression .) ]
  ! MODULO          [ reduce using rule 43 (expression -> expression NOT IN expression .) ]
  ! POWER           [ reduce using rule 43 (expression -> expression NOT IN expression .) ]
  ! LBRACKET        [ reduce using rule 43 (expression -> expression NOT IN expression .) ]
  ! DOT             [ reduce using rule 43 (expression -> expression NOT IN expression .) ]
  ! GREATERTHAN     [ reduce using rule 43 (expression -> expression NOT IN expression .) ]
  ! LESSTHAN        [ reduce using rule 43 (expression -> expression NOT IN expression .) ]
  ! GREATERTHANEQUALTO [ reduce using rule 43 (expression -> expression NOT IN expression .) ]
  ! LESSTHANEQUALTO [ reduce using rule 43 (expression -> expression NOT IN expression .) ]
  ! AND             [ shift and go to state 30 ]
  ! OR              [ shift and go to state 31 ]
  ! IN              [ shift and go to state 32 ]
  ! NOT             [ shift and go to state 33 ]
  ! EQUALTO         [ shift and go to state 34 ]
  ! NOTEQUALTO      [ shift and go to state 35 ]


state 98

    (11) expression -> SQUAREROOT LPAREN expression RPAREN .

    PLUS            reduce using rule 11 (expression -> SQUAREROOT LPAREN expression RPAREN .)
    MINUS           reduce using rule 11 (expression -> SQUAREROOT LPAREN expression RPAREN .)
    DIVIDE          reduce using rule 11 (expression -> SQUAREROOT LPAREN expression RPAREN .)
    FLOORDIVIDE     reduce using rule 11 (expression -> SQUAREROOT LPAREN expression RPAREN .)
    MULTIPLY        reduce using rule 11 (expression -> SQUAREROOT LPAREN expression RPAREN .)
    AT              reduce using rule 11 (expression -> SQUAREROOT LPAREN expression RPAREN .)
    MODULO          reduce using rule 11 (expression -> SQUAREROOT LPAREN expression RPAREN .)
    POWER           reduce using rule 11 (expression -> SQUAREROOT LPAREN expression RPAREN .)
    LBRACKET        reduce using rule 11 (expression -> SQUAREROOT LPAREN expression RPAREN .)
    DOT             reduce using rule 11 (expression -> SQUAREROOT LPAREN expression RPAREN .)
    AND             reduce using rule 11 (expression -> SQUAREROOT LPAREN expression RPAREN .)
    OR              reduce using rule 11 (expression -> SQUAREROOT LPAREN expression RPAREN .)
    IN              reduce using rule 11 (expression -> SQUAREROOT LPAREN expression RPAREN .)
    NOT             reduce using rule 11 (expression -> SQUAREROOT LPAREN expression RPAREN .)
    EQUALTO         reduce using rule 11 (expression -> SQUAREROOT LPAREN expression RPAREN .)
    NOTEQUALTO      reduce using rule 11 (expression -> SQUAREROOT LPAREN expression RPAREN .)
    GREATERTHAN     reduce using rule 11 (expression -> SQUAREROOT LPAREN expression RPAREN .)
    LESSTHAN        reduce using rule 11 (expression -> SQUAREROOT LPAREN expression RPAREN .)
    GREATERTHANEQUALTO reduce using rule 11 (expression -> SQUAREROOT LPAREN expression RPAREN .)
    LESSTHANEQUALTO reduce using rule 11 (expression -> SQUAREROOT LPAREN expression RPAREN .)
    $end            reduce using rule 11 (expression -> SQUAREROOT LPAREN expression RPAREN .)
    RPAREN          reduce using rule 11 (expression -> SQUAREROOT LPAREN expression RPAREN .)
    COMMA           reduce using rule 11 (expression -> SQUAREROOT LPAREN expression RPAREN .)
    RBRACKET        reduce using rule 11 (expression -> SQUAREROOT LPAREN expression RPAREN .)
    COLON           reduce using rule 11 (expression -> SQUAREROOT LPAREN expression RPAREN .)
    RBRACE          reduce using rule 11 (expression -> SQUAREROOT LPAREN expression RPAREN .)


state 99

    (12) expression -> SINE LPAREN expression RPAREN .

    PLUS            reduce using rule 12 (expression -> SINE LPAREN expression RPAREN .)
    MINUS           reduce using rule 12 (expression -> SINE LPAREN expression RPAREN .)
    DIVIDE          reduce using rule 12 (expression -> SINE LPAREN expression RPAREN .)
    FLOORDIVIDE     reduce using rule 12 (expression -> SINE LPAREN expression RPAREN .)
    MULTIPLY        reduce using rule 12 (expression -> SINE LPAREN expression RPAREN .)
    AT              reduce using rule 12 (expression -> SINE LPAREN expression RPAREN .)
    MODULO          reduce using rule 12 (expression -> SINE LPAREN expression RPAREN .)
    POWER           reduce using rule 12 (expression -> SINE LPAREN expression RPAREN .)
    LBRACKET        reduce using rule 12 (expression -> SINE LPAREN expression RPAREN .)
    DOT             reduce using rule 12 (expression -> SINE LPAREN expression RPAREN .)
    AND             reduce using rule 12 (expression -> SINE LPAREN expression RPAREN .)
    OR              reduce using rule 12 (expression -> SINE LPAREN expression RPAREN .)
    IN              reduce using rule 12 (expression -> SINE LPAREN expression RPAREN .)
    NOT             reduce using rule 12 (expression -> SINE LPAREN expression RPAREN .)
    EQUALTO         reduce using rule 12 (expression -> SINE LPAREN expression RPAREN .)
    NOTEQUALTO      reduce using rule 12 (expression -> SINE LPAREN expression RPAREN .)
    GREATERTHAN     reduce using rule 12 (expression -> SINE LPAREN expression RPAREN .)
    LESSTHAN        reduce using rule 12 (expression -> SINE LPAREN expression RPAREN .)
    GREATERTHANEQUALTO reduce using rule 12 (expression -> SINE LPAREN expression RPAREN .)
    LESSTHANEQUALTO reduce using rule 12 (expression -> SINE LPAREN expression RPAREN .)
    $end            reduce using rule 12 (expression -> SINE LPAREN expression RPAREN .)
    RPAREN          reduce using rule 12 (expression -> SINE LPAREN expression RPAREN .)
    COMMA           reduce using rule 12 (expression -> SINE LPAREN expression RPAREN .)
    RBRACKET        reduce using rule 12 (expression -> SINE LPAREN expression RPAREN .)
    COLON           reduce using rule 12 (expression -> SINE LPAREN expression RPAREN .)
    RBRACE          reduce using rule 12 (expression -> SINE LPAREN expression RPAREN .)


state 100

    (13) expression -> COSINE LPAREN expression RPAREN .

    PLUS            reduce using rule 13 (expression -> COSINE LPAREN expression RPAREN .)
    MINUS           reduce using rule 13 (expression -> COSINE LPAREN expression RPAREN .)
    DIVIDE          reduce using rule 13 (expression -> COSINE LPAREN expression RPAREN .)
    FLOORDIVIDE     reduce using rule 13 (expression -> COSINE LPAREN expression RPAREN .)
    MULTIPLY        reduce using rule 13 (expression -> COSINE LPAREN expression RPAREN .)
    AT              reduce using rule 13 (expression -> COSINE LPAREN expression RPAREN .)
    MODULO          reduce using rule 13 (expression -> COSINE LPAREN expression RPAREN .)
    POWER           reduce using rule 13 (expression -> COSINE LPAREN expression RPAREN .)
    LBRACKET        reduce using rule 13 (expression -> COSINE LPAREN expression RPAREN .)
    DOT             reduce using rule 13 (expression -> COSINE LPAREN expression RPAREN .)
    AND             reduce using rule 13 (expression -> COSINE LPAREN expression RPAREN .)
    OR              reduce using rule 13 (expression -> COSINE LPAREN expression RPAREN .)
    IN              reduce using rule 13 (expression -> COSINE LPAREN expression RPAREN .)
    NOT             reduce using rule 13 (expression -> COSINE LPAREN expression RPAREN .)
    EQUALTO         reduce using rule 13 (expression -> COSINE LPAREN expression RPAREN .)
    NOTEQUALTO      reduce using rule 13 (expression -> COSINE LPAREN expression RPAREN .)
    GREATERTHAN     reduce using rule 13 (expression -> COSINE LPAREN expression RPAREN .)
    LESSTHAN        reduce using rule 13 (expression -> COSINE LPAREN expression RPAREN .)
    GREATERTHANEQUALTO reduce using rule 13 (expression -> COSINE LPAREN expression RPAREN .)
    LESSTHANEQUALTO reduce using rule 13 (expression -> COSINE LPAREN expression RPAREN .)
    $end            reduce using rule 13 (expression -> COSINE LPAREN expression RPAREN .)
    RPAREN          reduce using rule 13 (expression -> COSINE LPAREN expression RPAREN .)
    COMMA           reduce using rule 13 (expression -> COSINE LPAREN expression RPAREN .)
    RBRACKET        reduce using rule 13 (expression -> COSINE LPAREN expression RPAREN .)
    COLON           reduce using rule 13 (expression -> COSINE LPAREN expression RPAREN .)
    RBRACE          reduce using rule 13 (expression -> COSINE LPAREN expression RPAREN .)


state 101

    (14) expression -> TANGENT LPAREN expression RPAREN .

    PLUS            reduce using rule 14 (expression -> TANGENT LPAREN expression RPAREN .)
    MINUS           reduce using rule 14 (expression -> TANGENT LPAREN expression RPAREN .)
    DIVIDE          reduce using rule 14 (expression -> TANGENT LPAREN expression RPAREN .)
    FLOORDIVIDE     reduce using rule 14 (expression -> TANGENT LPAREN expression RPAREN .)
    MULTIPLY        reduce using rule 14 (expression -> TANGENT LPAREN expression RPAREN .)
    AT              reduce using rule 14 (expression -> TANGENT LPAREN expression RPAREN .)
    MODULO          reduce using rule 14 (expression -> TANGENT LPAREN expression RPAREN .)
    POWER           reduce using rule 14 (expression -> TANGENT LPAREN expression RPAREN .)
    LBRACKET        reduce using rule 14 (expression -> TANGENT LPAREN expression RPAREN .)
    DOT             reduce using rule 14 (expression -> TANGENT LPAREN expression RPAREN .)
    AND             reduce using rule 14 (expression -> TANGENT LPAREN expression RPAREN .)
    OR              reduce using rule 14 (expression -> TANGENT LPAREN expression RPAREN .)
    IN              reduce using rule 14 (expression -> TANGENT LPAREN expression RPAREN .)
    NOT             reduce using rule 14 (expression -> TANGENT LPAREN expression RPAREN .)
    EQUALTO         reduce using rule 14 (expression -> TANGENT LPAREN expression RPAREN .)
    NOTEQUALTO      reduce using rule 14 (expression -> TANGENT LPAREN expression RPAREN .)
    GREATERTHAN     reduce using rule 14 (expression -> TANGENT LPAREN expression RPAREN .)
    LESSTHAN        reduce using rule 14 (expression -> TANGENT LPAREN expression RPAREN .)
    GREATERTHANEQUALTO reduce using rule 14 (expression -> TANGENT LPAREN expression RPAREN .)
    LESSTHANEQUALTO reduce using rule 14 (expression -> TANGENT LPAREN expression RPAREN .)
    $end            reduce using rule 14 (expression -> TANGENT LPAREN expression RPAREN .)
    RPAREN          reduce using rule 14 (expression -> TANGENT LPAREN expression RPAREN .)
    COMMA           reduce using rule 14 (expression -> TANGENT LPAREN expression RPAREN .)
    RBRACKET        reduce using rule 14 (expression -> TANGENT LPAREN expression RPAREN .)
    COLON           reduce using rule 14 (expression -> TANGENT LPAREN expression RPAREN .)
    RBRACE          reduce using rule 14 (expression -> TANGENT LPAREN expression RPAREN .)


state 102

    (16) expression -> PRINT LPAREN expression RPAREN .

    PLUS            reduce using rule 16 (expression -> PRINT LPAREN expression RPAREN .)
    MINUS           reduce using rule 16 (expression -> PRINT LPAREN expression RPAREN .)
    DIVIDE          reduce using rule 16 (expression -> PRINT LPAREN expression RPAREN .)
    FLOORDIVIDE     reduce using rule 16 (expression -> PRINT LPAREN expression RPAREN .)
    MULTIPLY        reduce using rule 16 (expression -> PRINT LPAREN expression RPAREN .)
    AT              reduce using rule 16 (expression -> PRINT LPAREN expression RPAREN .)
    MODULO          reduce using rule 16 (expression -> PRINT LPAREN expression RPAREN .)
    POWER           reduce using rule 16 (expression -> PRINT LPAREN expression RPAREN .)
    LBRACKET        reduce using rule 16 (expression -> PRINT LPAREN expression RPAREN .)
    DOT             reduce using rule 16 (expression -> PRINT LPAREN expression RPAREN .)
    AND             reduce using rule 16 (expression -> PRINT LPAREN expression RPAREN .)
    OR              reduce using rule 16 (expression -> PRINT LPAREN expression RPAREN .)
    IN              reduce using rule 16 (expression -> PRINT LPAREN expression RPAREN .)
    NOT             reduce using rule 16 (expression -> PRINT LPAREN expression RPAREN .)
    EQUALTO         reduce using rule 16 (expression -> PRINT LPAREN expression RPAREN .)
    NOTEQUALTO      reduce using rule 16 (expression -> PRINT LPAREN expression RPAREN .)
    GREATERTHAN     reduce using rule 16 (expression -> PRINT LPAREN expression RPAREN .)
    LESSTHAN        reduce using rule 16 (expression -> PRINT LPAREN expression RPAREN .)
    GREATERTHANEQUALTO reduce using rule 16 (expression -> PRINT LPAREN expression RPAREN .)
    LESSTHANEQUALTO reduce using rule 16 (expression -> PRINT LPAREN expression RPAREN .)
    $end            reduce using rule 16 (expression -> PRINT LPAREN expression RPAREN .)
    RPAREN          reduce using rule 16 (expression -> PRINT LPAREN expression RPAREN .)
    COMMA           reduce using rule 16 (expression -> PRINT LPAREN expression RPAREN .)
    RBRACKET        reduce using rule 16 (expression -> PRINT LPAREN expression RPAREN .)
    COLON           reduce using rule 16 (expression -> PRINT LPAREN expression RPAREN .)
    RBRACE          reduce using rule 16 (expression -> PRINT LPAREN expression RPAREN .)


state 103

    (35) expression -> NAME LPAREN optional_arguments RPAREN .

    PLUS            reduce using rule 35 (expression -> NAME LPAREN optional_arguments RPAREN .)
    MINUS           reduce using rule 35 (expression -> NAME LPAREN optional_arguments RPAREN .)
    DIVIDE          reduce using rule 35 (expression -> NAME LPAREN optional_arguments RPAREN .)
    FLOORDIVIDE     reduce using rule 35 (expression -> NAME LPAREN optional_arguments RPAREN .)
    MULTIPLY        reduce using rule 35 (expression -> NAME LPAREN optional_arguments RPAREN .)
    AT              reduce using rule 35 (expression -> NAME LPAREN optional_arguments RPAREN .)
    MODULO          reduce using rule 35 (expression -> NAME LPAREN optional_arguments RPAREN .)
    POWER           reduce using rule 35 (expression -> NAME LPAREN optional_arguments RPAREN .)
    LBRACKET        reduce using rule 35 (expression -> NAME LPAREN optional_arguments RPAREN .)
    DOT             reduce using rule 35 (expression -> NAME LPAREN optional_arguments RPAREN .)
    AND             reduce using rule 35 (expression -> NAME LPAREN optional_arguments RPAREN .)
    OR              reduce using rule 35 (expression -> NAME LPAREN optional_arguments RPAREN .)
    IN              reduce using rule 35 (expression -> NAME LPAREN optional_arguments RPAREN .)
    NOT             reduce using rule 35 (expression -> NAME LPAREN optional_arguments RPAREN .)
    EQUALTO         reduce using rule 35 (expression -> NAME LPAREN optional_arguments RPAREN .)
    NOTEQUALTO      reduce using rule 35 (expression -> NAME LPAREN optional_arguments RPAREN .)
    GREATERTHAN     reduce using rule 35 (expression -> NAME LPAREN optional_arguments RPAREN .)
    LESSTHAN        reduce using rule 35 (expression -> NAME LPAREN optional_arguments RPAREN .)
    GREATERTHANEQUALTO reduce using rule 35 (expression -> NAME LPAREN optional_arguments RPAREN .)
    LESSTHANEQUALTO reduce using rule 35 (expression -> NAME LPAREN optional_arguments RPAREN .)
    $end            reduce using rule 35 (expression -> NAME LPAREN optional_arguments RPAREN .)
    RPAREN          reduce using rule 35 (expression -> NAME LPAREN optional_arguments RPAREN .)
    COMMA           reduce using rule 35 (expression -> NAME LPAREN optional_arguments RPAREN .)
    RBRACKET        reduce using rule 35 (expression -> NAME LPAREN optional_arguments RPAREN .)
    COLON           reduce using rule 35 (expression -> NAME LPAREN optional_arguments RPAREN .)
    RBRACE          reduce using rule 35 (expression -> NAME LPAREN optional_arguments RPAREN .)


state 104

    (34) arguments -> arguments COMMA expression .
    (3) expression -> expression . PLUS expression
    (4) expression -> expression . MINUS expression
    (5) expression -> expression . DIVIDE expression
    (6) expression -> expression . FLOORDIVIDE expression
    (7) expression -> expression . MULTIPLY expression
    (8) expression -> expression . AT expression
    (9) expression -> expression . MODULO expression
    (10) expression -> expression . POWER expression
    (27) expression -> expression . LBRACKET expression RBRACKET
    (28) expression -> expression . LBRACKET optional_expression COLON optional_expression RBRACKET
    (37) expression -> expression . DOT NAME LPAREN optional_arguments RPAREN
    (38) expression -> expression . DOT NAME
    (39) expression -> expression . AND expression
    (40) expression -> expression . OR expression
    (42) expression -> expression . IN expression
    (43) expression -> expression . NOT IN expression
    (44) expression -> expression . EQUALTO expression
    (45) expression -> expression . NOTEQUALTO expression
    (46) expression -> expression . GREATERTHAN expression
    (47) expression -> expression . LESSTHAN expression
    (48) expression -> expression . GREATERTHANEQUALTO expression
    (49) expression -> expression . LESSTHANEQUALTO expression

    COMMA           reduce using rule 34 (arguments -> arguments COMMA expression .)
    RBRACKET        reduce using rule 34 (arguments -> arguments COMMA expression .)
    RPAREN          reduce using rule 34 (arguments -> arguments COMMA expression .)
    PLUS            shift and go to state 20
    MINUS           shift and go to state 21
    DIVIDE          shift and go to state 22
    FLOORDIVIDE     shift and go to state 23
    MULTIPLY        shift and go to state 24
    AT              shift and go to state 25
    MODULO          shift and go to state 26
    POWER           shift and go to state 27
    LBRACKET        shift and go to state 28
    DOT             shift and go to state 29
    AND             shift and go to state 30
    OR              shift and go to state 31
    IN              shift and go to state 32
    NOT             shift and go to state 33
    EQUALTO         shift and go to state 34
    NOTEQUALTO      shift and go to state 35
    GREATERTHAN     shift and go to state 36
    LESSTHAN        shift and go to state 37
    GREATERTHANEQUALTO shift and go to state 38
    LESSTHANEQUALTO shift and go to state 39


state 105

    (23) expression -> LBRACE dictionary_items COMMA RBRACE .

    PLUS            reduce using rule 23 (expression -> LBRACE dictionary_items COMMA RBRACE .)
    MINUS           reduce using rule 23 (expression -> LBRACE dictionary_items COMMA RBRACE .)
    DIVIDE          reduce using rule 23 (expression -> LBRACE dictionary_items COMMA RBRACE .)
    FLOORDIVIDE     reduce using rule 23 (expression -> LBRACE dictionary_items COMMA RBRACE .)
    MULTIPLY        reduce using rule 23 (expression -> LBRACE dictionary_items COMMA RBRACE .)
    AT              reduce using rule 23 (expression -> LBRACE dictionary_items COMMA RBRACE .)
    MODULO          reduce using rule 23 (expression -> LBRACE dictionary_items COMMA RBRACE .)
    POWER           reduce using rule 23 (expression -> LBRACE dictionary_items COMMA RBRACE .)
    LBRACKET        reduce using rule 23 (expression -> LBRACE dictionary_items COMMA RBRACE .)
    DOT             reduce using rule 23 (expression -> LBRACE dictionary_items COMMA RBRACE .)
    AND             reduce using rule 23 (expression -> LBRACE dictionary_items COMMA RBRACE .)
    OR              reduce using rule 23 (expression -> LBRACE dictionary_items COMMA RBRACE .)
    IN              reduce using rule 23 (expression -> LBRACE dictionary_items COMMA RBRACE .)
    NOT             reduce using rule 23 (expression -> LBRACE dictionary_items COMMA RBRACE .)
    EQUALTO         reduce using rule 23 (expression -> LBRACE dictionary_items COMMA RBRACE .)
    NOTEQUALTO      reduce using rule 23 (expression -> LBRACE dictionary_items COMMA RBRACE .)
    GREATERTHAN     reduce using rule 23 (expression -> LBRACE dictionary_items COMMA RBRACE .)
    LESSTHAN        reduce using rule 23 (expression -> LBRACE dictionary_items COMMA RBRACE .)
    GREATERTHANEQUALTO reduce using rule 23 (expression -> LBRACE dictionary_items COMMA RBRACE .)
    LESSTHANEQUALTO reduce using rule 23 (expression -> LBRACE dictionary_items COMMA RBRACE .)
    $end            reduce using rule 23 (expression -> LBRACE dictionary_items COMMA RBRACE .)
    RPAREN          reduce using rule 23 (expression -> LBRACE dictionary_items COMMA RBRACE .)
    COMMA           reduce using rule 23 (expression -> LBRACE dictionary_items COMMA RBRACE .)
    RBRACKET        reduce using rule 23 (expression -> LBRACE dictionary_items COMMA RBRACE .)
    COLON           reduce using rule 23 (expression -> LBRACE dictionary_items COMMA RBRACE .)
    RBRACE          reduce using rule 23 (expression -> LBRACE dictionary_items COMMA RBRACE .)


state 106

    (26) dictionary_items -> dictionary_items COMMA dictionary_item .

    RBRACE          reduce using rule 26 (dictionary_items -> dictionary_items COMMA dictionary_item .)
    COMMA           reduce using rule 26 (dictionary_items -> dictionary_items COMMA dictionary_item .)


state 107

    (24) dictionary_item -> expression COLON expression .
    (3) expression -> expression . PLUS expression
    (4) expression -> expression . MINUS expression
    (5) expression -> expression . DIVIDE expression
    (6) expression -> expression . FLOORDIVIDE expression
    (7) expression -> expression . MULTIPLY expression
    (8) expression -> expression . AT expression
    (9) expression -> expression . MODULO expression
    (10) expression -> expression . POWER expression
    (27) expression -> expression . LBRACKET expression RBRACKET
    (28) expression -> expression . LBRACKET optional_expression COLON optional_expression RBRACKET
    (37) expression -> expression . DOT NAME LPAREN optional_arguments RPAREN
    (38) expression -> expression . DOT NAME
    (39) expression -> expression . AND expression
    (40) expression -> expression . OR expression
    (42) expression -> expression . IN expression
    (43) expression -> expression . NOT IN expression
    (44) expression -> expression . EQUALTO expression
    (45) expression -> expression . NOTEQUALTO expression
    (46) expression -> expression . GREATERTHAN expression
    (47) expression -> expression . LESSTHAN expression
    (48) expression -> expression . GREATERTHANEQUALTO expression
    (49) expression -> expression . LESSTHANEQUALTO expression

    RBRACE          reduce using rule 24 (dictionary_item -> expression COLON expression .)
    COMMA           reduce using rule 24 (dictionary_item -> expression COLON expression .)
    PLUS            shift and go to state 20
    MINUS           shift and go to state 21
    DIVIDE          shift and go to state 22
    FLOORDIVIDE     shift and go to state 23
    MULTIPLY        shift and go to state 24
    AT              shift and go to state 25
    MODULO          shift and go to state 26
    POWER           shift and go to state 27
    LBRACKET        shift and go to state 28
    DOT             shift and go to state 29
    AND             shift and go to state 30
    OR              shift and go to state 31
    IN              shift and go to state 32
    NOT             shift and go to state 33
    EQUALTO         shift and go to state 34
    NOTEQUALTO      shift and go to state 35
    GREATERTHAN     shift and go to state 36
    LESSTHAN        shift and go to state 37
    GREATERTHANEQUALTO shift and go to state 38
    LESSTHANEQUALTO shift and go to state 39


state 108

    (36) expression -> RANGE LPAREN optional_arguments RPAREN .

    PLUS            reduce using rule 36 (expression -> RANGE LPAREN optional_arguments RPAREN .)
    MINUS           reduce using rule 36 (expression -> RANGE LPAREN optional_arguments RPAREN .)
    DIVIDE          reduce using rule 36 (expression -> RANGE LPAREN optional_arguments RPAREN .)
    FLOORDIVIDE     reduce using rule 36 (expression -> RANGE LPAREN optional_arguments RPAREN .)
    MULTIPLY        reduce using rule 36 (expression -> RANGE LPAREN optional_arguments RPAREN .)
    AT              reduce using rule 36 (expression -> RANGE LPAREN optional_arguments RPAREN .)
    MODULO          reduce using rule 36 (expression -> RANGE LPAREN optional_arguments RPAREN .)
    POWER           reduce using rule 36 (expression -> RANGE LPAREN optional_arguments RPAREN .)
    LBRACKET        reduce using rule 36 (expression -> RANGE LPAREN optional_arguments RPAREN .)
    DOT             reduce using rule 36 (expression -> RANGE LPAREN optional_arguments RPAREN .)
    AND             reduce using rule 36 (expression -> RANGE LPAREN optional_arguments RPAREN .)
    OR              reduce using rule 36 (expression -> RANGE LPAREN optional_arguments RPAREN .)
    IN              reduce using rule 36 (expression -> RANGE LPAREN optional_arguments RPAREN .)
    NOT             reduce using rule 36 (expression -> RANGE LPAREN optional_arguments RPAREN .)
    EQUALTO         reduce using rule 36 (expression -> RANGE LPAREN optional_arguments RPAREN .)
    NOTEQUALTO      reduce using rule 36 (expression -> RANGE LPAREN optional_arguments RPAREN .)
    GREATERTHAN     reduce using rule 36 (expression -> RANGE LPAREN optional_arguments RPAREN .)
    LESSTHAN        reduce using rule 36 (expression -> RANGE LPAREN optional_arguments RPAREN .)
    GREATERTHANEQUALTO reduce using rule 36 (expression -> RANGE LPAREN optional_arguments RPAREN .)
    LESSTHANEQUALTO reduce using rule 36 (expression -> RANGE LPAREN optional_arguments RPAREN .)
    $end            reduce using rule 36 (expression -> RANGE LPAREN optional_arguments RPAREN .)
    RPAREN          reduce using rule 36 (expression -> RANGE LPAREN optional_arguments RPAREN .)
    COMMA           reduce using rule 36 (expression -> RANGE LPAREN optional_arguments RPAREN .)
    RBRACKET        reduce using rule 36 (expression -> RANGE LPAREN optional_arguments RPAREN .)
    COLON           reduce using rule 36 (expression -> RANGE LPAREN optional_arguments RPAREN .)
    RBRACE          reduce using rule 36 (expression -> RANGE LPAREN optional_arguments RPAREN .)


state 109

    (53) expression -> COND LPAREN expression RPAREN .

    PLUS            reduce using rule 53 (expression -> COND LPAREN expression RPAREN .)
    MINUS           reduce using rule 53 (expression -> COND LPAREN expression RPAREN .)
    DIVIDE          reduce using rule 53 (expression -> COND LPAREN expression RPAREN .)
    FLOORDIVIDE     reduce using rule 53 (expression -> COND LPAREN expression RPAREN .)
    MULTIPLY        reduce using rule 53 (expression -> COND LPAREN expression RPAREN .)
    AT              reduce using rule 53 (expression -> COND LPAREN expression RPAREN .)
    MODULO          reduce using rule 53 (expression -> COND LPAREN expression RPAREN .)
    POWER           reduce using rule 53 (expression -> COND LPAREN expression RPAREN .)
    LBRACKET        reduce using rule 53 (expression -> COND LPAREN expression RPAREN .)
    DOT             reduce using rule 53 (expression -> COND LPAREN expression RPAREN .)
    AND             reduce using rule 53 (expression -> COND LPAREN expression RPAREN .)
    OR              reduce using rule 53 (expression -> COND LPAREN expression RPAREN .)
    IN              reduce using rule 53 (expression -> COND LPAREN expression RPAREN .)
    NOT             reduce using rule 53 (expression -> COND LPAREN expression RPAREN .)
    EQUALTO         reduce using rule 53 (expression -> COND LPAREN expression RPAREN .)
    NOTEQUALTO      reduce using rule 53 (expression -> COND LPAREN expression RPAREN .)
    GREATERTHAN     reduce using rule 53 (expression -> COND LPAREN expression RPAREN .)
    LESSTHAN        reduce using rule 53 (expression -> COND LPAREN expression RPAREN .)
    GREATERTHANEQUALTO reduce using rule 53 (expression -> COND LPAREN expression RPAREN .)
    LESSTHANEQUALTO reduce using rule 53 (expression -> COND LPAREN expression RPAREN .)
    $end            reduce using rule 53 (expression -> COND LPAREN expression RPAREN .)
    RPAREN          reduce using rule 53 (expression -> COND LPAREN expression RPAREN .)
    COMMA           reduce using rule 53 (expression -> COND LPAREN expression RPAREN .)
    RBRACKET        reduce using rule 53 (expression -> COND LPAREN expression RPAREN .)
    COLON           reduce using rule 53 (expression -> COND LPAREN expression RPAREN .)
    RBRACE          reduce using rule 53 (expression -> COND LPAREN expression RPAREN .)


state 110

    (30) optional_expression -> expression .
    (3) expression -> expression . PLUS expression
    (4) expression -> expression . MINUS expression
    (5) expression -> expression . DIVIDE expression
    (6) expression -> expression . FLOORDIVIDE expression
    (7) expression -> expression . MULTIPLY expression
    (8) expression -> expression . AT expression
    (9) expression -> expression . MODULO expression
    (10) expression -> expression . POWER expression
    (27) expression -> expression . LBRACKET expression RBRACKET
    (28) expression -> expression . LBRACKET optional_expression COLON optional_expression RBRACKET
    (37) expression -> expression . DOT NAME LPAREN optional_arguments RPAREN
    (38) expression -> expression . DOT NAME
    (39) expression -> expression . AND expression
    (40) expression -> expression . OR expression
    (42) expression -> expression . IN expression
    (43) expression -> expression . NOT IN expression
    (44) expression -> expression . EQUALTO expression
    (45) expression -> expression . NOTEQUALTO expression
    (46) expression -> expression . GREATERTHAN expression
    (47) expression -> expression . LESSTHAN expression
    (48) expression -> expression . GREATERTHANEQUALTO expression
    (49) expression -> expression . LESSTHANEQUALTO expression

    RBRACKET        reduce using rule 30 (optional_expression -> expression .)
    PLUS            shift and go to state 20
    MINUS           shift and go to state 21
    DIVIDE          shift and go to state 22
    FLOORDIVIDE     shift and go to state 23
    MULTIPLY        shift and go to state 24
    AT              shift and go to state 25
    MODULO          shift and go to state 26
    POWER           shift and go to state 27
    LBRACKET        shift and go to state 28
    DOT             shift and go to state 29
    AND             shift and go to state 30
    OR              shift and go to state 31
    IN              shift and go to state 32
    NOT             shift and go to state 33
    EQUALTO         shift and go to state 34
    NOTEQUALTO      shift and go to state 35
    GREATERTHAN     shift and go to state 36
    LESSTHAN        shift and go to state 37
    GREATERTHANEQUALTO shift and go to state 38
    LESSTHANEQUALTO shift and go to state 39


state 111

    (28) expression -> expression LBRACKET optional_expression COLON optional_expression . RBRACKET

    RBRACKET        shift and go to state 113


state 112

    (37) expression -> expression DOT NAME LPAREN optional_arguments . RPAREN

    RPAREN          shift and go to state 114


state 113

    (28) expression -> expression LBRACKET optional_expression COLON optional_expression RBRACKET .

    PLUS            reduce using rule 28 (expression -> expression LBRACKET optional_expression COLON optional_expression RBRACKET .)
    MINUS           reduce using rule 28 (expression -> expression LBRACKET optional_expression COLON optional_expression RBRACKET .)
    DIVIDE          reduce using rule 28 (expression -> expression LBRACKET optional_expression COLON optional_expression RBRACKET .)
    FLOORDIVIDE     reduce using rule 28 (expression -> expression LBRACKET optional_expression COLON optional_expression RBRACKET .)
    MULTIPLY        reduce using rule 28 (expression -> expression LBRACKET optional_expression COLON optional_expression RBRACKET .)
    AT              reduce using rule 28 (expression -> expression LBRACKET optional_expression COLON optional_expression RBRACKET .)
    MODULO          reduce using rule 28 (expression -> expression LBRACKET optional_expression COLON optional_expression RBRACKET .)
    POWER           reduce using rule 28 (expression -> expression LBRACKET optional_expression COLON optional_expression RBRACKET .)
    LBRACKET        reduce using rule 28 (expression -> expression LBRACKET optional_expression COLON optional_expression RBRACKET .)
    DOT             reduce using rule 28 (expression -> expression LBRACKET optional_expression COLON optional_expression RBRACKET .)
    AND             reduce using rule 28 (expression -> expression LBRACKET optional_expression COLON optional_expression RBRACKET .)
    OR              reduce using rule 28 (expression -> expression LBRACKET optional_expression COLON optional_expression RBRACKET .)
    IN              reduce using rule 28 (expression -> expression LBRACKET optional_expression COLON optional_expression RBRACKET .)
    NOT             reduce using rule 28 (expression -> expression LBRACKET optional_expression COLON optional_expression RBRACKET .)
    EQUALTO         reduce using rule 28 (expression -> expression LBRACKET optional_expression COLON optional_expression RBRACKET .)
    NOTEQUALTO      reduce using rule 28 (expression -> expression LBRACKET optional_expression COLON optional_expression RBRACKET .)
    GREATERTHAN     reduce using rule 28 (expression -> expression LBRACKET optional_expression COLON optional_expression RBRACKET .)
    LESSTHAN        reduce using rule 28 (expression -> expression LBRACKET optional_expression COLON optional_expression RBRACKET .)
    GREATERTHANEQUALTO reduce using rule 28 (expression -> expression LBRACKET optional_expression COLON optional_expression RBRACKET .)
    LESSTHANEQUALTO reduce using rule 28 (expression -> expression LBRACKET optional_expression COLON optional_expression RBRACKET .)
    $end            reduce using rule 28 (expression -> expression LBRACKET optional_expression COLON optional_expression RBRACKET .)
    RPAREN          reduce using rule 28 (expression -> expression LBRACKET optional_expression COLON optional_expression RBRACKET .)
    COMMA           reduce using rule 28 (expression -> expression LBRACKET optional_expression COLON optional_expression RBRACKET .)
    RBRACKET        reduce using rule 28 (expression -> expression LBRACKET optional_expression COLON optional_expression RBRACKET .)
    COLON           reduce using rule 28 (expression -> expression LBRACKET optional_expression COLON optional_expression RBRACKET .)
    RBRACE          reduce using rule 28 (expression -> expression LBRACKET optional_expression COLON optional_expression RBRACKET .)


state 114

    (37) expression -> expression DOT NAME LPAREN optional_arguments RPAREN .

    PLUS            reduce using rule 37 (expression -> expression DOT NAME LPAREN optional_arguments RPAREN .)
    MINUS           reduce using rule 37 (expression -> expression DOT NAME LPAREN optional_arguments RPAREN .)
    DIVIDE          reduce using rule 37 (expression -> expression DOT NAME LPAREN optional_arguments RPAREN .)
    FLOORDIVIDE     reduce using rule 37 (expression -> expression DOT NAME LPAREN optional_arguments RPAREN .)
    MULTIPLY        reduce using rule 37 (expression -> expression DOT NAME LPAREN optional_arguments RPAREN .)
    AT              reduce using rule 37 (expression -> expression DOT NAME LPAREN optional_arguments RPAREN .)
    MODULO          reduce using rule 37 (expression -> expression DOT NAME LPAREN optional_arguments RPAREN .)
    POWER           reduce using rule 37 (expression -> expression DOT NAME LPAREN optional_arguments RPAREN .)
    LBRACKET        reduce using rule 37 (expression -> expression DOT NAME LPAREN optional_arguments RPAREN .)
    DOT             reduce using rule 37 (expression -> expression DOT NAME LPAREN optional_arguments RPAREN .)
    AND             reduce using rule 37 (expression -> expression DOT NAME LPAREN optional_arguments RPAREN .)
    OR              reduce using rule 37 (expression -> expression DOT NAME LPAREN optional_arguments RPAREN .)
    IN              reduce using rule 37 (expression -> expression DOT NAME LPAREN optional_arguments RPAREN .)
    NOT             reduce using rule 37 (expression -> expression DOT NAME LPAREN optional_arguments RPAREN .)
    EQUALTO         reduce using rule 37 (expression -> expression DOT NAME LPAREN optional_arguments RPAREN .)
    NOTEQUALTO      reduce using rule 37 (expression -> expression DOT NAME LPAREN optional_arguments RPAREN .)
    GREATERTHAN     reduce using rule 37 (expression -> expression DOT NAME LPAREN optional_arguments RPAREN .)
    LESSTHAN        reduce using rule 37 (expression -> expression DOT NAME LPAREN optional_arguments RPAREN .)
    GREATERTHANEQUALTO reduce using rule 37 (expression -> expression DOT NAME LPAREN optional_arguments RPAREN .)
    LESSTHANEQUALTO reduce using rule 37 (expression -> expression DOT NAME LPAREN optional_arguments RPAREN .)
    $end            reduce using rule 37 (expression -> expression DOT NAME LPAREN optional_arguments RPAREN .)
    RPAREN          reduce using rule 37 (expression -> expression DOT NAME LPAREN optional_arguments RPAREN .)
    COMMA           reduce using rule 37 (expression -> expression DOT NAME LPAREN optional_arguments RPAREN .)
    RBRACKET        reduce using rule 37 (expression -> expression DOT NAME LPAREN optional_arguments RPAREN .)
    COLON           reduce using rule 37 (expression -> expression DOT NAME LPAREN optional_arguments RPAREN .)
    RBRACE          reduce using rule 37 (expression -> expression DOT NAME LPAREN optional_arguments RPAREN .)

WARNING: 
WARNING: Conflicts:
WARNING: 
WARNING: shift/reduce conflict for PLUS in state 85 resolved as shift
WARNING: shift/reduce conflict for MINUS in state 85 resolved as shift
WARNING: shift/reduce conflict for DIVIDE in state 85 resolved as shift
WARNING: shift/reduce conflict for FLOORDIVIDE in state 85 resolved as shift
WARNING: shift/reduce conflict for MULTIPLY in state 85 resolved as shift
WARNING: shift/reduce conflict for AT in state 85 resolved as shift
WARNING: shift/reduce conflict for MODULO in state 85 resolved as shift
WARNING: shift/reduce conflict for POWER in state 85 resolved as shift
WARNING: shift/reduce conflict for LBRACKET in state 85 resolved as shift
WARNING: shift/reduce conflict for DOT in state 85 resolved as shift
WARNING: shift/reduce conflict for AND in state 85 resolved as shift
WARNING: shift/reduce conflict for OR in state 85 resolved as shift
WARNING: shift/reduce conflict for IN in state 85 resolved as shift
WARNING: shift/reduce conflict for NOT in state 85 resolved as shift
WARNING: shift/reduce conflict for EQUALTO in state 85 resolved as shift
WARNING: shift/reduce conflict for NOTEQUALTO in state 85 resolved as shift
WARNING: shift/reduce conflict for GREATERTHAN in state 85 resolved as shift
WARNING: shift/reduce conflict for LESSTHAN in state 85 resolved as shift
WARNING: shift/reduce conflict for GREATERTHANEQUALTO in state 85 resolved as shift
WARNING: shift/reduce conflict for LESSTHANEQUALTO in state 85 resolved as shift
